location,time,T_amb,wind_speed,wind_dir,humidity,irradiance,cloud_cover,pressure,pv_height,pitch,roll,yaw,T_operating,eta
  28.05 -26.20 1753.0, 0 12  75  3 2024,    254.9807,     17.9418,    318.9796,      0.0717,     46.3130,      0.1702,  76535.0786,      1.5199,     46.3057,     -4.3807,     -6.4800,  255.1123,0.234430
-122.00  37.50   25.0, 0 12 355 12 2024,    295.3153,      2.6536,    303.8247,      0.0200,    229.8453,      0.1173,  68393.2995,      3.5789,     30.9463,    -11.9376,    -55.7565,  298.6479,0.199602
 103.82   1.35   15.0, 0  9 266  9 2024,    271.2065,     23.4162,    268.0568,      0.7933,    275.0068,      0.1089,  66911.0689,      0.5900,     37.3632,    -35.8091,   -117.9923,  273.2056,0.219956
  -0.13  51.51   11.0, 0 13 172  6 2024,    309.2500,     21.0570,     80.3728,      0.4130,   1259.4799,      0.8374,  80472.1762,      3.6301,     21.8921,    -27.1631,     55.3650,  310.4650,0.190148
-112.07  33.45  331.0, 0 13 172  6 2024,    275.5944,     20.2795,    343.3320,      0.2375,    446.5337,      0.1061,  74581.6225,      4.7737,     83.3912,     37.5411,    109.3799,  276.2046,0.217556
  28.05 -26.20 1753.0, 0 12  75  3 2024,    244.2300,     12.9257,    275.4125,      0.7725,    236.0544,      0.6592,  85941.1253,      1.8000,     65.4972,    -21.9893,     75.6307,  244.4896,0.242928
  55.30  25.20    5.0, 0  8 325 11 2024,    278.5148,      7.7912,     57.5004,      0.8360,    707.7207,      0.3611,  70809.1060,      2.1526,     59.1625,     29.0750,    104.1591,  278.5148,0.215708
 103.82   1.35   15.0, 0 15 105  4 2024,    242.0289,      2.3249,    124.6054,      0.8860,    793.3813,      0.4319,  98101.5372,      3.0496,     69.5965,     31.0295,   -160.8739,  243.5417,0.243687
  28.05 -26.20 1753.0, 0  9 266  9 2024,    252.3826,     11.8521,    125.1598,      0.1552,   1166.5430,      0.4289,  84657.3608,      4.7075,     85.7665,    -44.9156,    164.5787,  253.1082,0.236033
 151.21 -33.87   39.0, 0  8 325 11 2024,    290.2389,     20.6364,    215.6499,      0.7479,   1312.4908,      0.2294,  62115.2351,      3.1910,      9.5468,    -14.8639,    122.9537,  293.3327,0.203854
  -0.13  51.51   11.0, 0 14 228  8 2024,    290.3537,     20.3060,    127.1515,      0.5653,    109.9615,      0.7705,  92106.0291,      2.9838,     29.9875,     27.5646,    -34.4325,  290.4605,0.206152
  -0.13  51.51   11.0, 0 12 355 12 2024,    318.8783,      4.9230,    328.2088,      0.5294,    913.5253,      0.7944,  63640.7287,      3.4473,     26.7463,     30.2779,     60.6141,  320.3411,0.182247
-122.00  37.50   25.0, 0  8 325 11 2024,    320.0142,     21.7299,    318.4015,      0.0665,    423.3587,      0.1137,  60524.5786,      4.1381,     64.3286,    -19.6691,   -117.8744,  321.1589,0.181593
 -87.63  41.88  181.0, 0 12  75  3 2024,    305.7277,     17.5082,    122.1455,      0.4800,   1232.1827,      0.1733,  87589.1368,      4.4712,     69.9476,     44.7888,    -24.2489,  310.6953,0.189964
  -0.13  51.51   11.0, 0  8 325 11 2024,    311.2895,     11.7430,    270.9704,      0.3836,    642.6108,      0.5770,  68335.2273,      0.8584,     19.8024,     -7.0401,    -89.4055,  312.6777,0.188378
  55.30  25.20    5.0, 0 11 202  7 2024,    262.6393,      2.4171,     44.4730,      0.4060,    282.2055,      0.9488,  84756.8029,      2.0462,      6.3839,     37.5937,   -151.2135,  262.9332,0.228173
 151.21 -33.87   39.0, 0 12 355 12 2024,    310.5529,     10.0087,    259.8551,      0.3168,   1221.5100,      0.8074,  99048.2355,      1.0848,     20.9822,    -16.4693,   -161.2759,  314.6040,0.186837
 -87.63  41.88  181.0, 0  9 266  9 2024,    263.0867,      0.8742,     10.8319,      0.3046,    385.6628,      0.8587,  61550.8685,      3.1288,     53.2726,    -10.9723,    -32.2009,  264.5769,0.226858
  -0.13  51.51   11.0, 0 12  75  3 2024,    239.0693,     24.5264,    303.2985,      0.6271,    156.4700,      0.9464,  62681.4051,      1.7285,     12.9686,     15.0209,    -62.4728,  239.1069,0.247234
 151.21 -33.87   39.0, 0  8 325 11 2024,    233.1943,      0.0255,    122.3199,      0.9499,   1319.2660,      0.1431,  67170.2553,      1.5026,     84.7614,     36.5153,     85.3646,  233.1943,0.251965
 -87.63  41.88  181.0, 0 12  75  3 2024,    244.6970,     12.1445,    196.1030,      0.5173,    537.4045,      0.4257,  88322.3607,      0.6317,     12.5947,    -40.4983,     17.5098,  248.0303,0.240096
-112.07  33.45  331.0, 0 14 228  8 2024,    280.8048,     17.3899,    138.5322,      0.5645,    874.6076,      0.7357,  97305.5265,      1.3837,     38.7544,    -19.6774,   -132.2914,  281.5458,0.213283
  -0.13  51.51   11.0, 0 13 172  6 2024,    273.3461,     12.6295,    271.0359,      0.4201,   1268.1642,      0.4968,  61909.6103,      4.3710,     58.3404,      9.9317,    -89.5011,  275.0004,0.218520
-122.00  37.50   25.0, 0 11 202  7 2024,    235.6837,     15.2356,    157.6323,      0.0519,      7.3896,      0.6538, 100416.7246,      2.1931,     22.0453,     36.8670,    -26.3232,  235.7032,0.249957
 -46.63 -23.55  760.0, 0  6  15  1 2024,    267.5251,      6.2319,    154.7578,      0.6386,    849.3783,      0.4546,  65227.3685,      4.4707,     42.5823,    -34.1115,     57.9751,  267.5251,0.224500
 151.21 -33.87   39.0, 0 11 202  7 2024,    274.3460,     14.8525,    211.8374,      0.7293,    553.0552,      0.3016,  89948.0341,      0.8599,     81.7475,    -25.0422,   -179.0843,  278.7059,0.215555
-122.00  37.50   25.0, 0 12 355 12 2024,    268.5058,      3.5847,    228.4375,      0.1317,    442.3017,      0.5129, 100013.8521,      3.8567,     19.2419,    -14.4210,   -117.0020,  270.0056,0.222516
  28.05 -26.20 1753.0, 0 12  75  3 2024,    277.6350,      4.9603,    247.0234,      0.6673,    138.0168,      0.9136,  64472.0425,      1.0024,     88.7357,    -17.9025,     35.6655,  277.6350,0.216412
  55.30  25.20    5.0, 0  9  46  2 2024,    298.2406,     10.6978,    278.9325,      0.8267,    762.0561,      0.1830,  72269.1577,      0.7074,     68.2991,     24.5074,   -117.7377,  304.0941,0.195245
 -46.63 -23.55  760.0, 0  8 325 11 2024,    261.0725,     17.2778,     93.2962,      0.2589,    518.3097,      0.6775,  96920.9406,      1.8067,     65.9840,      2.4795,   -160.8367,  261.6566,0.229195
  28.05 -26.20 1753.0, 0 16 299 10 2024,    288.0570,     16.0673,    163.1575,      0.3465,    938.4057,      0.3373,  66413.6656,      4.2519,     84.6218,    -26.7160,    -74.4504,  288.0570,0.208074
 -87.63  41.88  181.0, 0  9  46  2 2024,    284.4263,     18.8537,    141.2901,      0.7821,    181.5437,      0.3776,  94247.9390,      2.9371,     28.8559,    -27.9628,   -115.1710,  284.7848,0.210692
  -0.13  51.51   11.0, 0 12 355 12 2024,    304.4333,     22.4468,    357.5499,      0.1372,    280.3280,      0.1994,  79753.1299,      4.0502,     61.8648,     29.4432,    164.2344,  304.4333,0.194973
 -46.63 -23.55  760.0, 0 16 299 10 2024,    282.2616,     16.1743,     77.1390,      0.5877,    769.5829,      0.7478,  68963.4600,      0.7750,     27.7213,     44.4690,    -18.3970,  282.9559,0.212155
 139.69  35.69   40.0, 0  9  46  2 2024,    258.0596,     21.6698,    279.5006,      0.6880,    914.0286,      0.5019,  67890.6697,      3.0575,     69.2371,    -17.5360,    -92.8403,  260.1635,0.230389
-112.07  33.45  331.0, 0  9 266  9 2024,    294.8903,      8.0048,    342.3708,      0.0015,    633.6155,      0.3796,  98143.6389,      0.5971,     13.7812,    -34.0183,   -145.2511,  299.1517,0.199199
 -46.63 -23.55  760.0, 0 14 228  8 2024,    271.6366,      4.9362,    244.8199,      0.1596,   1276.3154,      0.0639,  78291.8820,      1.2264,     32.6517,    -42.0889,     50.0959,  284.0973,0.211242
 -46.63 -23.55  760.0, 0 16 299 10 2024,    244.2642,     23.2994,    119.8315,      0.8890,    423.7516,      0.5326,  85439.3242,      1.1328,     73.2854,     18.8415,   -123.6009,  244.2642,0.243109
-122.00  37.50   25.0, 0 14 228  8 2024,    236.7977,     14.1822,    346.6939,      0.5224,    890.3289,      0.3302,  61431.6941,      2.2769,     82.9469,     39.4758,    153.2017,  236.9189,0.248985
 139.69  35.69   40.0, 0 12  75  3 2024,    269.1152,      0.6146,    242.4169,      0.0322,    609.0105,      0.5954,  86020.2673,      2.9325,     17.3632,      2.5391,     35.9514,  275.9803,0.217736
 151.21 -33.87   39.0, 0 13 172  6 2024,    302.5749,      5.4043,    314.0588,      0.4997,    159.8490,      0.6616,  74906.3014,      2.8089,     47.2771,     12.1677,    -62.6222,  302.5749,0.196460
  55.30  25.20    5.0, 0 10 135  5 2024,    235.7885,      9.3005,    322.0395,      0.0413,   1164.5806,      0.0736,  84512.4563,      3.8934,     72.6699,     27.1772,    -31.3239,  242.3650,0.244628
  28.05 -26.20 1753.0, 0 12 355 12 2024,    277.6614,     14.5963,     12.1437,      0.4491,    828.0180,      0.0245,  93863.1123,      1.3090,      9.3962,     26.4552,     86.5015,  286.9103,0.208992
  28.05 -26.20 1753.0, 0 14 228  8 2024,    234.7618,      1.9324,    117.2881,      0.6168,    780.5617,      0.7843,  69950.8020,      4.3237,     44.0159,    -28.2803,    -19.1346,  234.7618,0.250711
-122.00  37.50   25.0, 0 13 172  6 2024,    288.9267,      0.9497,    256.6820,      0.5242,    249.2820,      0.4049,  62232.3865,      1.5156,     77.2253,     -4.1516,     69.7729,  291.3685,0.205425
  -0.13  51.51   11.0, 0  9 266  9 2024,    265.7839,     14.4993,    163.6237,      0.2063,    210.0060,      0.7321,  64297.5857,      4.0442,     72.2377,     42.6667,    168.0298,  265.7839,0.225893
 103.82   1.35   15.0, 0 16 299 10 2024,    320.7788,     16.3129,    179.1386,      0.2623,    521.1832,      0.0632,  84765.7345,      1.7389,     62.6452,     37.5918,    -83.2608,  320.7788,0.181897
-122.00  37.50   25.0, 0  9 266  9 2024,    239.6237,      2.9578,    215.2126,      0.0939,    361.7662,      0.8197,  98020.5522,      0.5282,      7.4528,     16.1439,     42.9092,  240.5759,0.246059
  28.05 -26.20 1753.0, 0 12  75  3 2024,    286.8636,      4.3095,    359.9729,      0.9489,    392.6851,      0.2065,  99103.3981,      1.5728,     71.9837,     43.4695,    161.8125,  290.4323,0.206174
  55.30  25.20    5.0, 0 16 299 10 2024,    263.4651,     14.9809,    359.1689,      0.4705,    525.4059,      0.8616,  96729.0940,      3.0204,     73.7318,     34.1470,     15.7413,  263.8383,0.227449
-112.07  33.45  331.0, 0 11 202  7 2024,    280.3601,      5.9586,    295.0319,      0.4203,     59.7245,      0.5964,  94204.2243,      2.2837,     53.3716,     27.3744,   -103.3592,  280.6506,0.214000
 -87.63  41.88  181.0, 0 12 355 12 2024,    271.0174,      1.6009,    228.3352,      0.2767,    501.4971,      0.8831,  79367.2074,      3.7758,     26.2747,    -11.7055,    139.1082,  271.1279,0.221618
  28.05 -26.20 1753.0, 0  9  46  2 2024,    268.2936,     24.5069,    309.0491,      0.5430,    650.2229,      0.3727,  65297.9447,      1.0326,     69.9914,     -0.7817,    128.8194,  268.2936,0.223885
 139.69  35.69   40.0, 0  8 325 11 2024,    288.4448,     15.5383,    286.7971,      0.0300,    602.2049,      0.5940,  98449.5457,      2.3630,     21.1921,     40.9191,    -14.4554,  289.2184,0.207145
 151.21 -33.87   39.0, 0 14 228  8 2024,    255.1897,      7.4311,    185.6488,      0.6001,    139.0940,      0.4273,  97578.8185,      2.6375,     31.1549,     24.4214,   -124.5288,  255.7173,0.233946
 -87.63  41.88  181.0, 0 12 355 12 2024,    244.6402,     19.1857,     49.7904,      0.3256,    374.6445,      0.4365,  66480.0271,      1.3334,     12.0049,      7.8207,    133.9919,  245.2104,0.242352
-122.00  37.50   25.0, 0  6  15  1 2024,    270.6872,     10.8170,    205.8930,      0.3538,     68.1023,      0.2484,  64357.4150,      0.6858,     75.3500,      8.0411,    139.8444,  270.6872,0.221970
 -46.63 -23.55  760.0, 0 12  75  3 2024,    255.9613,      8.7104,    300.0902,      0.6093,   1353.8404,      0.7811,  61793.2352,      2.8518,      6.5351,    -27.0814,    174.0681,  259.4038,0.230997
  55.30  25.20    5.0, 0  6  15  1 2024,    310.7207,     11.5204,    302.6691,      0.0391,    980.6810,      0.5385,  89474.3742,      4.4303,     65.2214,     -9.8001,     76.1205,  310.7207,0.189943
  -0.13  51.51   11.0, 0 11 202  7 2024,    295.4311,     12.6057,    346.2696,      0.0536,    374.4783,      0.8936,  69745.0972,      1.6768,     37.8085,      9.3513,    -88.4045,  295.8631,0.201830
 151.21 -33.87   39.0, 0 12 355 12 2024,    249.7323,      0.0206,     10.6225,      0.0582,    815.0562,      0.9759,  79500.3608,      1.4367,     30.3150,     16.5374,    134.0347,  250.3220,0.238262
 103.82   1.35   15.0, 0 14 228  8 2024,    318.4381,     18.5502,     36.2012,      0.1776,    750.9760,      0.9850,  96194.7368,      3.4707,     45.7021,     12.7734,   -108.5890,  318.4648,0.183748
-112.07  33.45  331.0, 0 10 135  5 2024,    261.4724,     14.8046,    354.5375,      0.7748,    648.6834,      0.6187,  80375.2116,      2.0832,     72.8667,     22.1095,     39.4681,  261.7134,0.229149
  55.30  25.20    5.0, 0 10 135  5 2024,    253.9846,     13.1561,     79.6800,      0.7516,    736.5336,      0.6403,  73088.9611,      1.8381,      8.0061,     -6.5186,     31.8190,  256.6386,0.233209
-122.00  37.50   25.0, 0 11 202  7 2024,    319.2910,      7.6649,    278.7525,      0.6616,    969.1790,      0.7360,  76247.2372,      4.0857,      8.9967,      4.2823,     82.5307,  322.8701,0.180224
  55.30  25.20    5.0, 0 11 202  7 2024,    258.2747,     10.8654,    301.6664,      0.1911,   1015.6274,      0.8910,  91589.6076,      2.6527,     72.2582,     15.4607,    -49.3596,  258.9194,0.231385
 103.82   1.35   15.0, 0 12  75  3 2024,    273.2520,      4.1525,     61.3344,      0.9088,    483.0699,      0.5872,  71162.5722,      4.2236,     52.8948,     28.5709,     87.7698,  275.4530,0.218158
 103.82   1.35   15.0, 0  9 266  9 2024,    273.9608,     21.6019,    329.5550,      0.1997,    233.2173,      0.7988,  90085.4070,      3.7604,     45.4578,    -41.5347,   -103.1863,  274.1830,0.219174
  -0.13  51.51   11.0, 0 12  75  3 2024,    280.9285,     16.5453,    196.5959,      0.8189,    151.6597,      0.6107,  63742.6850,      2.9178,     21.4611,    -12.6671,    -73.9367,  281.2290,0.213537
  -0.13  51.51   11.0, 0 16 299 10 2024,    321.1337,     20.8897,    225.5418,      0.3254,    210.8899,      0.2563,  86658.6360,      3.5253,     10.2632,     43.7018,     88.5294,  321.3495,0.181440
 103.82   1.35   15.0, 0 12  75  3 2024,    271.2518,     16.3451,     58.4748,      0.6170,    702.9808,      0.4776,  70070.2478,      1.7544,     11.8249,    -35.8190,   -164.8221,  274.2536,0.219117
  -0.13  51.51   11.0, 0 11 202  7 2024,    286.1463,     10.1081,    358.9754,      0.5808,   1347.1663,      0.9196,  82246.5006,      4.0866,     71.1768,     42.8058,    -61.9873,  286.8331,0.209053
-112.07  33.45  331.0, 0  6  15  1 2024,    306.3212,     22.2710,     82.0191,      0.1906,    793.5095,      0.0094,  87582.9610,      3.0185,     72.5993,     12.9188,    -75.1784,  311.0975,0.189642
 151.21 -33.87   39.0, 0  9 266  9 2024,    257.7202,     21.3826,    240.2073,      0.2637,    942.8269,      0.9335,  80704.0805,      1.6826,     45.5252,    -41.5450,   -163.2834,  258.0397,0.232088
-122.00  37.50   25.0, 0 13 172  6 2024,    275.0058,      4.6346,    312.4969,      0.7608,    264.4029,      0.8260,  77863.6928,      2.1383,     19.7119,    -36.7109,     80.4530,  275.7886,0.217889
 -87.63  41.88  181.0, 0  8 325 11 2024,    278.6231,     12.0530,    117.2460,      0.9390,    247.0747,      0.2393,  91027.2500,      4.0149,     54.4741,    -44.7398,    131.3290,  278.6231,0.215622
 151.21 -33.87   39.0, 0  6  15  1 2024,    277.6986,     11.9756,    281.8786,      0.9041,    922.2085,      0.7213,  94393.1150,      4.9810,     50.8343,    -30.1854,   -163.3697,  277.9655,0.216148
  55.30  25.20    5.0, 0  6  15  1 2024,    247.5804,      9.6212,    276.7273,      0.4745,    271.9479,      0.3041,  88880.1676,      0.7060,     88.1848,      5.0219,     -8.8410,  249.2700,0.239104
-112.07  33.45  331.0, 0 12  75  3 2024,    251.5392,     18.4999,    102.0174,      0.6869,   1012.9935,      0.5053,  99339.8288,      2.2523,     30.9369,     15.6651,    -97.3707,  254.1247,0.235220
  28.05 -26.20 1753.0, 0 12 355 12 2024,    319.7389,      2.7197,    231.4678,      0.1404,   1225.9349,      0.7582, 101263.1145,      4.4834,     89.7508,     37.2981,    107.7365,  319.8530,0.182638
 103.82   1.35   15.0, 0  8 325 11 2024,    263.5138,      0.2960,     68.9557,      0.2942,    511.2414,      0.3045,  62785.4987,      4.4523,     26.2307,    -12.1775,   -121.2055,  270.6053,0.222036
  -0.13  51.51   11.0, 0  6  15  1 2024,    274.9845,     17.4114,    165.9316,      0.3845,    596.8902,      0.0591,  98809.2820,      2.8362,     64.6395,     19.1717,     -7.3302,  276.3333,0.217453
-122.00  37.50   25.0, 0 12  75  3 2024,    302.1746,      1.8549,     13.3916,      0.0814,    257.9389,      0.4716,  75967.6476,      2.5523,     58.3695,     17.8958,     17.7866,  305.5538,0.194077
 139.69  35.69   40.0, 0  9  46  2 2024,    286.0568,      0.7776,    251.4114,      0.1669,    509.0711,      0.0430,  67223.7422,      2.3583,     17.5469,      8.5033,     65.0035,  290.5199,0.206104
 139.69  35.69   40.0, 0  8 325 11 2024,    321.5320,     15.7820,    213.7773,      0.9169,    998.8600,      0.2462,  92452.8616,      0.6710,     61.5039,     20.9783,    142.2489,  321.5320,0.181294
 139.69  35.69   40.0, 0 13 172  6 2024,    258.0339,     13.2277,    289.3807,      0.6033,    858.6329,      0.1357,  76646.6901,      3.9006,     80.1247,     38.3245,    144.9447,  258.8384,0.231449
  55.30  25.20    5.0, 0 16 299 10 2024,    268.2127,     14.8898,    178.1253,      0.3666,    114.3101,      0.6046,  76747.1017,      1.3337,      5.0687,     36.2254,   -129.9315,  268.3301,0.223856
 103.82   1.35   15.0, 0 12  75  3 2024,    271.0946,     23.1648,    167.8826,      0.7729,   1223.2941,      0.9518,  72765.5389,      4.8228,     23.0464,      6.5624,   -150.9984,  271.4107,0.221391
-112.07  33.45  331.0, 0 10 135  5 2024,    315.9060,      6.4905,    184.0111,      0.7904,    872.1192,      0.4146,  85952.9585,      1.7716,     16.5559,     23.5484,     41.3624,  323.3863,0.179811
  -0.13  51.51   11.0, 0 14 228  8 2024,    306.3536,      2.7242,    208.9720,      0.7726,    557.9732,      0.7634,  72770.0339,      3.8025,     40.4742,     28.5358,    132.7563,  307.9364,0.192171
  -0.13  51.51   11.0, 0 16 299 10 2024,    248.1983,     24.2900,     20.9571,      0.0918,    267.0642,      0.7301,  77016.2693,      1.4158,     18.5002,     28.0489,    -16.4805,  248.2971,0.239882
 139.69  35.69   40.0, 0 15 105  4 2024,    321.9374,     10.2470,    162.8790,      0.2520,      9.7883,      0.5691,  81200.2335,      0.9084,     86.7639,     -6.2296,     97.3764,  321.9926,0.180926
 -87.63  41.88  181.0, 0  6  15  1 2024,    262.5913,     24.7139,     37.6190,      0.9321,    461.8080,      0.5445,  87169.7069,      3.5718,     72.1221,    -30.2696,     45.1225,  262.5913,0.228447
-112.07  33.45  331.0, 0 10 135  5 2024,    289.8982,      6.3022,    163.1533,      0.7237,    528.6874,      0.1865,  81367.3296,      0.8225,     63.0717,     10.6467,     80.6811,  289.9001,0.206600
 103.82   1.35   15.0, 0 16 299 10 2024,    268.4172,     16.9546,    134.6482,      0.0314,   1239.7323,      0.1845,  79440.2823,      1.4795,     26.2000,     10.1943,     -9.8431,  273.5380,0.219690
 -46.63 -23.55  760.0, 0 16 299 10 2024,    303.8425,     18.5320,    252.9011,      0.7258,   1106.5849,      0.5591,  71134.8994,      4.8269,     62.0868,    -28.9148,   -115.6384,  303.8425,0.195446
 151.21 -33.87   39.0, 0  9 266  9 2024,    247.1078,     23.9243,    178.1842,      0.9738,    693.0118,      0.5458,  99018.8410,      2.7608,     45.1256,     -4.3916,   -130.3604,  248.8675,0.239426
  28.05 -26.20 1753.0, 0  6  15  1 2024,    275.4295,      7.8825,    348.7287,      0.5598,     75.5246,      0.1904,  93831.2588,      0.8616,     82.1432,     10.1430,   -118.4485,  276.2874,0.217490
 151.21 -33.87   39.0, 0  9  46  2 2024,    305.5278,     13.3427,    110.1892,      0.5993,   1261.8061,      0.7177,  99802.6251,      1.9204,      6.3503,    -12.4259,    -88.2583,  308.8380,0.191450
 139.69  35.69   40.0, 0 16 299 10 2024,    302.6561,     14.9889,    178.7075,      0.5488,    976.0171,      0.6822,  67565.8265,      3.9868,     10.0236,    -44.0710,    -21.0923,  303.2325,0.195934
 -87.63  41.88  181.0, 0 16 299 10 2024,    267.7999,      6.4657,    305.6955,      0.6052,   1347.1714,      0.5229,  74558.5530,      0.6981,     24.9230,     13.9502,    160.2986,  269.4002,0.223000
 -87.63  41.88  181.0, 0  8 325 11 2024,    247.9612,      5.2804,    206.9778,      0.8995,   1240.0633,      0.9750,  81829.5834,      4.8803,     72.5064,     10.5977,    178.7349,  247.9612,0.240151
 151.21 -33.87   39.0, 0 11 202  7 2024,    307.8589,     24.1488,     68.8868,      0.2073,   1337.2392,      0.4220,  65884.8840,      1.1687,     48.2711,     17.7553,    133.9837,  312.2373,0.188730
  28.05 -26.20 1753.0, 0 11 202  7 2024,    249.2959,     13.2323,    162.0759,      0.8350,    766.0093,      0.9644,  80315.7759,      2.3271,     65.6614,     -5.1534,    101.9604,  249.3506,0.239040
 151.21 -33.87   39.0, 0  9  46  2 2024,    288.3978,     22.7667,     34.1994,      0.7118,   1291.4476,      0.4651,  78372.8773,      2.2184,      1.4752,     25.2596,    172.8325,  291.5215,0.205303
  28.05 -26.20 1753.0, 0  9  46  2 2024,    312.1702,     19.4904,    334.2194,      0.3381,    834.9279,      0.4335,  88579.3861,      4.8643,     57.2250,     40.6856,    -41.0769,  314.0536,0.187277
-122.00  37.50   25.0, 0 12 355 12 2024,    290.2931,     12.8784,     28.7484,      0.5991,   1251.4747,      0.2502,  91112.7807,      3.7666,     84.6761,     -3.2654,   -165.7677,  290.2931,0.206286
 151.21 -33.87   39.0, 0  8 325 11 2024,    318.5686,      4.1461,    177.6132,      0.1965,    977.0660,      0.7335,  76838.2786,      3.9667,     72.3415,    -44.0987,   -139.2804,  321.2786,0.181497
  55.30  25.20    5.0, 0 15 105  4 2024,    270.4701,     19.3067,    245.9182,      0.1181,    979.6475,      0.5401,  78245.1211,      4.9382,     30.2894,     33.7947,   -138.2290,  271.3100,0.221472
-112.07  33.45  331.0, 0 11 202  7 2024,    269.1973,      4.8342,     25.7623,      0.8806,   1260.3923,      0.7771,  93314.5320,      1.6723,      7.7180,     -6.9120,     58.7951,  275.0336,0.218493
 -46.63 -23.55  760.0, 0 12 355 12 2024,    264.1809,     20.2696,    339.5887,      0.5775,     12.3021,      0.2529,  69023.7427,      3.1572,     35.2721,      7.1841,    -31.6390,  264.2312,0.227135
 103.82   1.35   15.0, 0 12  75  3 2024,    317.5569,     15.7917,    252.9686,      0.3260,    543.2970,      0.7261,  82243.4554,      3.4315,     61.9575,     43.7806,    128.8335,  317.9754,0.184140
  28.05 -26.20 1753.0, 0 10 135  5 2024,    287.9520,     10.8311,    222.5653,      0.5336,    154.7079,      0.4820, 100990.1980,      3.5979,     15.3064,    -25.6340,    -67.9525,  288.4878,0.207730
 -46.63 -23.55  760.0, 0 10 135  5 2024,    298.7851,      4.0664,    355.8606,      0.9130,    782.4481,      0.6970,  78891.9822,      4.0262,     11.8093,    -43.3694,   -156.6745,  301.6374,0.197210
 -87.63  41.88  181.0, 0 12 355 12 2024,    278.4957,     13.8010,      8.9432,      0.8274,    932.6426,      0.4854,  64475.3635,      2.5300,     58.1831,    -15.8345,     45.7179,  282.0822,0.212854
-112.07  33.45  331.0, 0 13 172  6 2024,    298.2604,     13.3987,    297.9767,      0.7070,   1015.9277,      0.1446,  72771.4067,      2.8637,     11.4265,      0.6146,   -108.7301,  306.1185,0.193625
-112.07  33.45  331.0, 0  9 266  9 2024,    311.6111,     22.1697,    108.8000,      0.2285,   1035.3266,      0.4592,  72698.8442,      1.6250,     54.0626,    -37.0005,     11.3245,  313.7410,0.187527
-122.00  37.50   25.0, 0  9 266  9 2024,    271.0218,     19.1756,    227.3449,      0.4798,    749.2790,      0.6089,  75257.8838,      0.9884,     72.9335,     18.1662,     78.3509,  271.0218,0.221703
 -87.63  41.88  181.0, 0 11 202  7 2024,    289.8617,     20.1089,    221.2470,      0.5502,   1153.7918,      0.3678,  76223.9822,      1.0315,     22.9981,     37.3432,     44.1779,  295.3513,0.202239
 151.21 -33.87   39.0, 0 14 228  8 2024,    252.7254,     24.0398,    161.1089,      0.2168,   1247.1210,      0.1181,  89762.9625,      1.7193,     27.6836,     17.0976,   -144.1111,  257.5351,0.232492
 -46.63 -23.55  760.0, 0 10 135  5 2024,    237.2407,     14.3096,     41.2553,      0.4607,    385.7455,      0.0068,  72763.2729,      2.3831,      3.9024,    -12.9708,   -100.9093,  239.6421,0.246806
 -46.63 -23.55  760.0, 0  6  15  1 2024,    296.3320,     20.5211,    163.3354,      0.3758,    286.1024,      0.6221,  96438.5770,      2.5385,     55.9629,     31.6989,    129.8095,  296.3320,0.201454
 103.82   1.35   15.0, 0 11 202  7 2024,    241.0511,     18.2667,     71.1234,      0.1170,    796.4555,      0.9466,  84999.9727,      1.8370,     22.7685,    -11.1893,     13.0261,  241.3117,0.245471
 -87.63  41.88  181.0, 0 12 355 12 2024,    288.8253,     19.8975,    196.6408,      0.9104,    970.4762,      0.9489,  92049.0865,      4.3306,     71.1575,     34.4057,     61.2801,  288.9842,0.207333
 151.21 -33.87   39.0, 0 16 299 10 2024,    255.2264,      1.4367,    337.0339,      0.1081,    136.0479,      0.8217,  77672.7764,      1.6235,     40.1891,    -33.1002,   -162.5785,  255.4045,0.234196
 103.82   1.35   15.0, 0 13 172  6 2024,    308.5133,     17.1499,    226.1587,      0.0486,    907.5132,      0.0675,  69982.0098,      1.9469,     78.6057,     33.5447,    -50.4579,  308.5133,0.191709
  55.30  25.20    5.0, 0 13 172  6 2024,    318.9955,      1.4292,     43.7158,      0.7804,   1161.8060,      0.5697,  75673.0848,      0.5880,     33.0534,     17.1332,     71.1726,  334.8267,0.170659
 151.21 -33.87   39.0, 0  9 266  9 2024,    266.3347,     12.7899,     53.4751,      0.9920,    623.5398,      0.9923,  94534.4654,      3.7942,      1.7975,    -18.3493,   -106.4625,  266.3634,0.225429
  -0.13  51.51   11.0, 0 12 355 12 2024,    242.5446,     13.3611,    260.2803,      0.2241,    668.6575,      0.6493,  88188.0075,      2.9000,     26.2993,     -1.9031,   -162.2110,  242.5446,0.244484
 103.82   1.35   15.0, 0 14 228  8 2024,    270.2651,     17.6827,    172.6465,      0.6966,    786.2071,      0.6802,  84366.4524,      3.0568,      7.9022,    -22.3954,    -15.7903,  271.6885,0.221169
  28.05 -26.20 1753.0, 0  9 266  9 2024,    279.4475,     15.8207,    353.5421,      0.0247,    965.1238,      0.6519,  66443.8498,      1.6513,     89.4400,    -32.7326,     24.4759,  279.4475,0.214962
 -46.63 -23.55  760.0, 0 14 228  8 2024,    250.8577,      1.1886,    176.4139,      0.9752,    786.6125,      0.6215,  64982.4058,      4.5484,     55.9511,     31.7069,     84.6050,  256.1405,0.233608
  -0.13  51.51   11.0, 0 11 202  7 2024,    297.9456,     13.9787,    149.0954,      0.1306,    917.8047,      0.6127,  72695.1581,      3.8575,      3.2358,    -12.0023,   -114.4326,  300.7962,0.197883
 -46.63 -23.55  760.0, 0 16 299 10 2024,    273.5485,     20.8160,    115.5489,      0.6895,   1324.7531,      0.4215,  97541.3456,      3.0151,     58.3557,    -33.0770,   -120.8926,  273.5485,0.219681
  55.30  25.20    5.0, 0  8 325 11 2024,    316.5400,      0.6166,     20.4136,      0.8688,    524.8167,      0.6876,  74823.2923,      1.1162,      4.3507,      9.8064,    162.2031,  317.8021,0.184278
  -0.13  51.51   11.0, 0 14 228  8 2024,    271.2880,     22.5781,    235.7211,      0.3344,    928.2013,      0.3745,  75334.4329,      2.6130,     64.6213,    -40.5301,     29.6154,  273.9131,0.219390
 151.21 -33.87   39.0, 0  8 325 11 2024,    310.4193,     17.6116,    137.7151,      0.5574,     68.0318,      0.7794,  74623.9854,      0.9764,     82.5020,     28.3454,     30.5536,  310.4193,0.190185
  55.30  25.20    5.0, 0 14 228  8 2024,    289.3321,      5.5509,    322.5290,      0.7457,    965.4032,      0.2411,  90760.3997,      4.1242,     18.2609,     -7.7934,    -98.6131,  298.2315,0.199935
 103.82   1.35   15.0, 0  9  46  2 2024,    286.8521,      7.2688,    201.5440,      0.5225,    506.7019,      0.5374,  71389.5925,      2.9603,     41.7354,    -42.8095,     53.3124,  287.5005,0.208520
 103.82   1.35   15.0, 0 10 135  5 2024,    251.9823,      2.1853,     86.3531,      0.0882,    302.3526,      0.7492,  65691.7379,      1.6564,     60.0337,     18.3682,     12.4522,  252.1196,0.236824
  28.05 -26.20 1753.0, 0 15 105  4 2024,    284.6976,     15.5157,    238.4789,      0.7228,     41.2036,      0.5211,  99550.4067,      1.0293,     76.5557,    -32.8141,     47.5128,  284.7707,0.210703
 -87.63  41.88  181.0, 0  9  46  2 2024,    306.5193,      9.8008,    326.0001,      0.1877,    934.2189,      0.6575,  93745.9837,      4.3304,     35.7763,    -26.8526,    -27.0922,  309.5279,0.190898
 151.21 -33.87   39.0, 0  9  46  2 2024,    301.0882,     14.4560,    140.1774,      0.0918,    311.5932,      0.4797,  61258.1564,      0.7303,      3.7056,     14.0523,    -51.0869,  302.8642,0.196229
-112.07  33.45  331.0, 0 16 299 10 2024,    308.5834,     13.8674,    259.7284,      0.9969,    565.5307,      0.0651,  84536.0499,      1.6206,     59.1211,    -44.1454,   -152.9337,  308.5834,0.191653
-112.07  33.45  331.0, 0  6  15  1 2024,    322.6931,      4.7113,    142.0847,      0.6502,    112.1031,      0.4101,  91312.7988,      3.9956,     37.4829,    -28.7979,      9.2741,  322.8041,0.180277
-122.00  37.50   25.0, 0 11 202  7 2024,    302.6447,     24.8066,    179.0806,      0.5546,    734.1133,      0.5569,  81097.7431,      3.6516,     79.1490,     -7.5227,   -169.0854,  302.6447,0.196404
  -0.13  51.51   11.0, 0  9 266  9 2024,    299.5554,      0.2978,    104.8403,      0.4492,    226.5252,      0.7979,  80516.0753,      2.2855,     47.3088,     -9.7244,   -117.7702,  300.4095,0.198192
-112.07  33.45  331.0, 0  9 266  9 2024,    251.1006,     17.2249,    240.2783,      0.2559,    552.1316,      0.1427,  98255.0170,      0.9290,     24.5768,      8.1695,   -119.9489,  255.0955,0.234444
 -87.63  41.88  181.0, 0 16 299 10 2024,    236.6237,     15.0139,      8.9951,      0.7867,    717.6987,      0.7001,  92256.6142,      4.9315,     59.7289,     -4.4398,    120.6341,  237.5621,0.248470
  28.05 -26.20 1753.0, 0 12 355 12 2024,    282.4181,     11.9966,    142.7145,      0.2622,    126.9882,      0.9073,  72258.5248,      2.7750,     11.6899,     19.9123,    131.4102,  282.5374,0.212490
  55.30  25.20    5.0, 0 16 299 10 2024,    256.2609,     23.2583,    110.2168,      0.4623,    129.0767,      0.7006,  77064.6014,      1.2721,     53.0319,     41.3620,   -117.0555,  256.2609,0.233511
  55.30  25.20    5.0, 0  9  46  2 2024,    251.5215,     22.4834,    127.1035,      0.9250,   1215.9296,      0.4978,  98860.8117,      4.5760,     61.5033,      2.1336,   -120.4328,  253.5530,0.235678
 139.69  35.69   40.0, 0 11 202  7 2024,    311.5864,      2.7851,    157.3882,      0.3276,    155.4506,      0.4996,  81516.8011,      3.1721,     32.8563,     19.4624,    166.3362,  312.7454,0.188324
  -0.13  51.51   11.0, 0  8 325 11 2024,    293.0087,      2.9963,     58.8389,      0.9758,    897.6417,      0.0787,  74840.1686,      3.1611,     55.0097,    -38.4232,    112.2731,  293.0087,0.204113
  -0.13  51.51   11.0, 0 10 135  5 2024,    293.4199,     15.2800,    148.1934,      0.2933,   1074.8923,      0.0334, 100885.2903,      2.3425,     13.3073,     25.6203,     81.5198,  299.4803,0.198936
  55.30  25.20    5.0, 0 16 299 10 2024,    234.6215,     22.0334,    191.5322,      0.9019,    804.8920,      0.7370,  82280.4652,      4.9752,     51.6139,    -27.8330,    -38.1609,  234.6907,0.250767
 151.21 -33.87   39.0, 0 12  75  3 2024,    233.7283,      2.9819,    184.0415,      0.8440,     48.1967,      0.0286,  77886.3129,      4.9143,     16.3445,    -29.8930,     22.5918,  234.3502,0.251040
 103.82   1.35   15.0, 0  9  46  2 2024,    241.5560,     17.2471,    150.1521,      0.7515,    566.1594,      0.8831,  73058.6161,      2.5278,     87.5890,     35.3193,     63.8061,  241.5560,0.245275
 103.82   1.35   15.0, 0 12  75  3 2024,    248.6391,     19.2372,    216.5337,      0.6407,    133.5825,      0.7757,  82148.6548,      1.1929,     52.3021,    -43.8652,     -6.0999,  248.7858,0.239491
-112.07  33.45  331.0, 0 12 355 12 2024,    244.1949,      2.2645,     44.8215,      0.9284,    989.1666,      0.7130,  86435.9821,      2.4460,     45.6961,     26.8888,   -154.6193,  244.1949,0.243164
 139.69  35.69   40.0, 0 12  75  3 2024,    276.2810,     15.9827,    253.6931,      0.6434,    724.5445,      0.0194,  70238.6381,      3.9821,     19.7062,      6.5522,   -101.7941,  280.4848,0.214132
  28.05 -26.20 1753.0, 0 12 355 12 2024,    242.7209,     24.0084,    104.7939,      0.4045,    702.8320,      0.8557,  97264.4591,      3.3495,     60.0127,    -14.3078,   -117.4315,  243.0079,0.244114
  -0.13  51.51   11.0, 0 10 135  5 2024,    239.9661,     14.3091,    166.3178,      0.3182,   1318.4272,      0.7653,  85708.5692,      3.3449,     16.3782,    -23.7491,   -125.7883,  241.9139,0.244989
-122.00  37.50   25.0, 0 13 172  6 2024,    316.8345,     14.8397,     23.3455,      0.6513,    512.1074,      0.9078,  83518.4483,      1.8344,     54.5214,     24.1442,    -59.0761,  317.0743,0.184861
  28.05 -26.20 1753.0, 0 14 228  8 2024,    314.0296,      4.8297,    338.8463,      0.4656,   1107.7503,      0.3808,  96250.1972,      3.9269,     54.1702,     28.2929,    128.8183,  326.2403,0.177528
 151.21 -33.87   39.0, 0  6  15  1 2024,    239.0215,     20.6882,    115.3564,      0.1894,    168.8349,      0.6946,  81014.7222,      3.3704,     72.9714,    -30.8745,   -148.0683,  239.1030,0.247238
  55.30  25.20    5.0, 0 13 172  6 2024,    289.1736,     21.7408,    180.7888,      0.9701,    512.7908,      0.1156,  90261.6320,      1.8860,     65.3929,     -5.6794,     20.0677,  290.9641,0.205749
 103.82   1.35   15.0, 0 11 202  7 2024,    306.1277,     19.3355,    182.1931,      0.8845,    524.1257,      0.8376,  67514.6641,      4.5134,     68.8960,     28.3505,    -53.0598,  306.3087,0.193473
 139.69  35.69   40.0, 0 15 105  4 2024,    292.4250,      0.0259,    167.5957,      0.1545,   1331.4668,      0.2603,  62205.0074,      0.6511,     34.1930,     36.0875,    126.5575,  315.6110,0.186031
-122.00  37.50   25.0, 0 11 202  7 2024,    284.5508,     24.9635,     10.0944,      0.1437,   1149.9105,      0.5845,  92794.8922,      3.9064,     57.1569,    -23.1986,     17.9013,  286.2106,0.209552
  55.30  25.20    5.0, 0 12 355 12 2024,    289.8171,      6.2259,    133.2409,      0.5433,    454.5655,      0.1166,  74053.3299,      0.8344,     18.0314,    -32.8485,    -48.0504,  296.1303,0.201616
  28.05 -26.20 1753.0, 0 10 135  5 2024,    269.6271,     12.5980,    134.1319,      0.1348,    806.3115,      0.5139,  66826.5722,      3.9008,     22.8341,    -36.2703,      6.5820,  270.5236,0.222101
  -0.13  51.51   11.0, 0  9  46  2 2024,    276.8102,     20.1889,     75.0631,      0.7720,   1138.4768,      0.7587,  98434.8727,      0.5567,     22.5875,      9.0717,     83.1576,  276.8102,0.217072
  -0.13  51.51   11.0, 0 12  75  3 2024,    256.4577,     19.8007,    122.4216,      0.1496,    231.4682,      0.0364,  93176.9217,      2.2090,     82.3416,    -34.6919,     92.7588,  256.5147,0.233308
  28.05 -26.20 1753.0, 0  8 325 11 2024,    291.6302,     24.8655,    172.0856,      0.1043,    949.9157,      0.5254,  63869.0267,      3.6733,      9.8830,    -24.1666,    138.5364,  292.7246,0.204340
 151.21 -33.87   39.0, 0 12  75  3 2024,    258.7992,      4.8586,    241.3590,      0.9602,    600.3497,      0.7670,  94017.2213,      1.8009,     21.5511,     41.4216,     52.7532,  260.3482,0.230241
-122.00  37.50   25.0, 0 11 202  7 2024,    264.0762,      5.5467,    218.0976,      0.9803,   1250.5951,      0.0855,  84179.7093,      3.9086,     18.2686,    -15.8550,     59.8421,  281.2991,0.213481
-112.07  33.45  331.0, 0 14 228  8 2024,    320.4314,     11.1044,     24.7301,      0.5221,     65.1636,      0.9690,  76129.2682,      2.8832,      0.4223,    -39.6137,    -30.6355,  320.4471,0.182162
  28.05 -26.20 1753.0, 0  9  46  2 2024,    298.6730,      5.5663,    329.6349,      0.2266,     77.5917,      0.0178,  62608.4458,      2.5739,     53.1625,     20.6861,    167.4154,  299.2033,0.199157
-112.07  33.45  331.0, 0 11 202  7 2024,    298.4592,     24.3364,     91.0138,      0.8842,    826.5294,      0.3146,  67412.4765,      4.0956,     77.9790,      0.4958,    123.2592,  298.4592,0.199753
 139.69  35.69   40.0, 0 14 228  8 2024,    235.1003,      0.1501,    220.5313,      0.8839,   1238.9149,      0.3823,  90006.2005,      1.9749,     18.8977,    -15.9921,    126.6319,  255.5645,0.234068
 -87.63  41.88  181.0, 0 13 172  6 2024,    302.1506,     12.0624,      4.0108,      0.9824,    753.9210,      0.0877,  74523.5196,      3.2129,     39.1732,     14.6967,    -24.3452,  308.2825,0.191894
 -46.63 -23.55  760.0, 0  6  15  1 2024,    257.0664,     23.9625,    152.4427,      0.5563,   1274.9666,      0.7171,  84751.5760,      3.3047,     41.7636,     -1.2292,    152.9749,  257.0664,0.232867
  55.30  25.20    5.0, 0  6  15  1 2024,    279.4417,     16.5149,    271.5897,      0.0206,    169.9920,      0.0213,  70119.0474,      4.7131,      6.5742,     17.5227,    152.6708,  279.4417,0.214967
  -0.13  51.51   11.0, 0  6  15  1 2024,    301.3675,     16.1601,    353.0102,      0.9088,    442.2587,      0.6636,  90162.1789,      4.7830,     38.2780,     23.8251,   -127.8552,  301.8222,0.197062
  28.05 -26.20 1753.0, 0 14 228  8 2024,    319.0216,     16.1881,    262.8353,      0.2997,    200.8307,      0.5852,  90719.0304,      4.0222,     71.9325,     -3.3960,    -25.8353,  319.0216,0.183303
 103.82   1.35   15.0, 0 12  75  3 2024,    319.8624,      3.9492,    109.7440,      0.7870,    772.6789,      0.4129,  91452.2154,      1.6921,     29.0118,     21.3864,     55.7161,  329.5670,0.174866
  55.30  25.20    5.0, 0 14 228  8 2024,    298.9643,      3.2991,    251.2914,      0.6644,    374.5087,      0.5810,  64446.9616,      1.8842,     14.5421,      2.0456,    112.8662,  302.7581,0.196314
-122.00  37.50   25.0, 0  6  15  1 2024,    243.2300,     17.4982,    175.0027,      0.0185,    888.7742,      0.4717,  63051.0321,      3.4711,      6.0454,    -23.3072,    100.3482,  243.2300,0.243936
 151.21 -33.87   39.0, 0 11 202  7 2024,    299.0039,     14.2710,    201.5469,      0.2119,   1330.5002,      0.3905,  75638.6201,      4.6840,     28.6123,     33.6499,    -83.3026,  302.6513,0.196399
 103.82   1.35   15.0, 0  9  46  2 2024,    238.2675,      2.3381,    353.5414,      0.8162,    492.0264,      0.0853,  60680.4283,      3.6473,     88.0379,    -40.3335,    108.3578,  238.2675,0.247906
-122.00  37.50   25.0, 0 16 299 10 2024,    270.5753,     16.9775,    250.8673,      0.7633,    294.6381,      0.2813,  75985.7259,      1.2067,     71.4909,     17.4496,     26.4315,  272.5560,0.220475
 -46.63 -23.55  760.0, 0 12 355 12 2024,    271.1462,     19.1780,    178.8828,      0.8517,    804.1051,      0.9908,  92477.7437,      4.8225,     39.5469,     38.3358,     54.6873,  271.1784,0.221577
  28.05 -26.20 1753.0, 0  9  46  2 2024,    277.8796,     16.1063,     27.2692,      0.1182,    867.4869,      0.0069,  96151.6865,      3.3100,     82.0407,    -10.0240,     26.9693,  277.8796,0.216216
 151.21 -33.87   39.0, 0  9 266  9 2024,    287.5711,     16.5562,     91.7326,      0.9805,    841.3679,      0.5312,  72685.5112,      0.8331,     26.6946,     31.9540,      0.2072,  289.2028,0.207158
 151.21 -33.87   39.0, 0 12 355 12 2024,    242.6220,      0.6629,    342.6697,      0.5963,    153.5660,      0.1429,  63564.3086,      2.1363,      8.0483,     39.5002,     82.4324,  245.6657,0.241987
 151.21 -33.87   39.0, 0 12 355 12 2024,    238.2075,      1.3017,    258.7566,      0.4894,   1088.2850,      0.8441,  80066.0300,      1.3248,     60.5504,     16.7591,    -15.9955,  239.8474,0.246642
 151.21 -33.87   39.0, 0  6  15  1 2024,    237.7597,      0.3381,      0.1655,      0.6840,   1211.2104,      0.7527,  64436.3864,      3.2952,     34.2757,     -1.2096,    -53.6605,  244.1425,0.243206
  55.30  25.20    5.0, 0 16 299 10 2024,    241.9958,     22.9936,    318.2281,      0.4171,    495.2331,      0.2023,  67971.8154,      4.8332,     56.3224,    -14.6234,    -26.5522,  242.4139,0.244589
 -46.63 -23.55  760.0, 0  9  46  2 2024,    276.4575,      3.7168,     97.2571,      0.3167,   1013.7618,      0.6222,  65666.9844,      4.4924,     12.5143,     32.9034,     79.5658,  280.3728,0.214222
