lon,lat,alt,minute,hour,day,month,year,T_amb,wind_speed,wind_dir,humidity,irradiance,cloud_cover,pressure,pv_height,pitch,roll,yaw,T_operating,eta,eta_mc_sigma
     -112.0700,       33.4500,      331.0000,        0.0000,       13.0000,      200.0000,        7.0000,     2024.0000,      241.6592,        9.4516,      185.7035,        0.3273,      416.1844,        0.2905,    83061.4998,        3.8139,        6.3284,       14.0996,       57.4547,  245.1608,0.242391,  1.1607E-05
       -0.1300,       51.5100,       11.0000,        0.0000,        9.0000,       80.0000,        3.0000,     2024.0000,      264.3268,       21.5586,      200.3793,        0.2251,      711.0295,        0.0885,    78491.6968,        3.2012,       61.2043,       36.2136,      116.0067,  264.3268,0.227059,  2.5374E-05
      -18.0000,       65.0000,       52.0000,        0.0000,       10.0000,      355.0000,       12.0000,     2024.0000,      234.9712,       12.1467,       72.3772,        0.7393,      237.8842,        0.5211,    78509.6659,        2.0932,       27.4977,      -10.5013,     -156.7909,  234.9712,0.250543,  1.0411E-05
     -122.0000,       37.5000,       25.0000,        0.0000,       12.0000,      172.0000,        6.0000,     2024.0000,      284.9098,        5.6498,      335.9757,        0.7048,      957.4395,        0.5073,    65321.3679,        1.1251,       41.8786,       26.8520,      159.4669,  290.5517,0.206079,  4.9786E-06
      103.8200,        1.3500,       15.0000,       30.0000,       14.0000,      120.0000,        4.0000,     2024.0000,      240.0155,        6.9719,      218.4270,        0.9006,     1239.6181,        0.8193,    97282.2063,        4.6170,       55.3314,       12.4984,       13.9608,  241.2525,0.245518,  8.1590E-06
       -0.1300,       51.5100,       11.0000,        0.0000,        9.0000,       80.0000,        3.0000,     2024.0000,      241.5005,       22.6147,      185.7968,        0.2435,     1197.8103,        0.1129,    73324.7224,        2.6264,       19.3808,      -34.6459,      -13.0943,  244.9832,0.242533,  2.1028E-05
      -18.0000,       65.0000,       52.0000,        0.0000,       10.0000,      355.0000,       12.0000,     2024.0000,      268.0621,        6.8656,      156.8314,        0.5200,     1150.3977,        0.4820,    89706.0553,        1.3927,       24.4861,        9.8183,     -150.2311,  268.0621,0.224070,  5.3575E-06
       55.3000,       25.2000,        5.0000,        0.0000,       10.0000,      280.0000,       10.0000,     2024.0000,      280.0300,        9.8964,      285.2251,        0.6633,      697.7116,        0.3230,    95884.6828,        4.3547,        4.0961,       40.1170,      116.1666,  283.1424,0.212006,  1.2715E-05
      -18.0000,       65.0000,       52.0000,        0.0000,       10.0000,      355.0000,       12.0000,     2024.0000,      259.1749,       24.6562,      324.1394,        0.5740,     1224.7473,        0.5568,   100868.5751,        2.3150,       79.7087,      -32.5399,     -125.5383,  259.1749,0.231180,  1.8267E-05
     -122.0000,       37.5000,       25.0000,        0.0000,       12.0000,      172.0000,        6.0000,     2024.0000,      242.3840,       23.8371,      301.7227,        0.8960,       33.2093,        0.2406,    85579.6609,        3.1617,       13.4608,       10.4116,      134.5621,  242.5111,0.244511,  2.2963E-05
     -112.0700,       33.4500,      331.0000,        0.0000,       13.0000,      200.0000,        7.0000,     2024.0000,      318.7619,        1.8634,      141.1193,        0.3768,      797.8724,        0.2989,    68500.6728,        2.0080,       26.2265,      -17.4532,       17.2104,  334.4289,0.170977,  3.6947E-06
      103.8200,        1.3500,       15.0000,       30.0000,       14.0000,      120.0000,        4.0000,     2024.0000,      273.0319,        7.5302,      253.6101,        0.8258,     1248.7354,        0.9462,    69900.0319,        3.0887,       10.5051,        0.5564,       48.5115,  273.8582,0.219433,  9.6037E-06
      -18.0000,       65.0000,       52.0000,        0.0000,       10.0000,      355.0000,       12.0000,     2024.0000,      303.5484,       13.7105,      186.6981,        0.0010,      340.5768,        0.9397,    93683.7956,        1.1216,       75.8511,      -35.7393,      -41.9999,  303.7762,0.195499,  8.6878E-06
       -0.1300,       51.5100,       11.0000,        0.0000,        9.0000,       80.0000,        3.0000,     2024.0000,      315.7154,       10.3948,       86.7666,        0.0194,      418.5759,        0.6564,    76510.3290,        4.4037,       57.1405,      -38.7548,      -20.4914,  316.9701,0.184944,  1.7696E-05
     -122.0000,       37.5000,       25.0000,        0.0000,       12.0000,      172.0000,        6.0000,     2024.0000,      272.3779,        9.2756,      251.2526,        0.5810,      507.9426,        0.6400,    97021.0197,        4.1404,       45.5637,      -21.4104,      -70.2979,  274.0261,0.219299,  1.0026E-05
       25.0000,       23.5000,      200.0000,        0.0000,       11.0000,       90.0000,        3.0000,     2024.0000,      284.5840,       14.0456,      184.3558,        0.0447,     1045.4232,        0.5251,    72998.1571,        3.2211,       86.1717,      -25.6423,     -103.4898,  285.5945,0.210044,  1.4095E-05
      -68.0000,      -16.5000,     3600.0000,        0.0000,       12.0000,      172.0000,        6.0000,     2024.0000,      242.6200,       15.6589,       43.8668,        0.5323,      557.1084,        0.7445,    70753.3240,        2.3991,       28.2613,      -33.4795,      -38.9178,  243.0899,0.244048,  1.6509E-05
     -122.0000,       37.5000,       25.0000,        0.0000,       12.0000,      172.0000,        6.0000,     2024.0000,      249.8331,       13.8405,      116.5364,        0.2919,      582.6544,        0.9407,    77259.3561,        2.7450,       82.3721,       18.0255,       15.0305,  249.9447,0.238564,  1.2221E-05
       55.3000,       25.2000,        5.0000,        0.0000,       10.0000,      280.0000,       10.0000,     2024.0000,      295.5224,       24.8173,      305.6599,        0.5841,     1136.8080,        0.7515,    95388.4312,        2.3659,       28.7725,      -42.3844,      139.3236,  295.9387,0.201769,  2.3260E-05
      -18.0000,       65.0000,       52.0000,        0.0000,       10.0000,      355.0000,       12.0000,     2024.0000,      246.5010,        2.2397,      308.8597,        0.4010,      132.6357,        0.2395,    90809.4115,        1.7916,       16.2061,       -7.9223,       45.9536,  246.7187,0.241145,  2.5482E-06
     -122.0000,       37.5000,       25.0000,        0.0000,       12.0000,      172.0000,        6.0000,     2024.0000,      305.1907,       23.7978,      232.1143,        0.4666,      183.6708,        0.0370,    72870.2066,        1.0542,       74.8993,      -11.8771,       -3.3001,  305.9914,0.193727,  1.8817E-05
      151.2100,      -33.8700,       39.0000,        0.0000,       12.0000,      172.0000,        6.0000,     2024.0000,      305.4230,       22.6895,      305.7406,        0.2520,     1097.1318,        0.9665,    88798.8186,        3.2672,       37.8448,       17.7420,      -99.2413,  305.5369,0.194090,  2.9052E-05
      -18.0000,       65.0000,       52.0000,        0.0000,       10.0000,      355.0000,       12.0000,     2024.0000,      272.2170,       18.1366,      238.2312,        0.7252,      875.0880,        0.5602,    73335.7968,        2.5200,        0.9696,       -6.7637,      -69.2313,  272.2556,0.220716,  2.0923E-05
     -112.0700,       33.4500,      331.0000,        0.0000,       13.0000,      200.0000,        7.0000,     2024.0000,      306.5779,        1.4435,      267.1039,        0.3107,      937.6125,        0.8052,    79667.7015,        4.7912,        5.5497,       38.7827,       21.4859,  310.6164,0.190027,  3.2008E-06
      151.2100,      -33.8700,       39.0000,        0.0000,       12.0000,      172.0000,        6.0000,     2024.0000,      273.2154,       12.3005,      170.2173,        0.4137,     1268.3336,        0.8556,   101270.1969,        1.5857,       64.9781,      -38.5494,      179.1963,  275.1497,0.218400,  8.7167E-06
       -0.1300,       51.5100,       11.0000,        0.0000,        9.0000,       80.0000,        3.0000,     2024.0000,      319.3887,        4.9622,      160.3419,        0.2779,      255.4539,        0.1963,    72084.1536,        1.2183,       37.2477,        0.5527,      124.3234,  319.3887,0.183009,  3.3227E-06
       -0.1300,       51.5100,       11.0000,        0.0000,        9.0000,       80.0000,        3.0000,     2024.0000,      289.3498,       24.3854,      313.6522,        0.0915,      752.9218,        0.6983,    70835.7618,        3.8115,       63.9968,       12.6648,      -50.5394,  290.6516,0.205999,  2.4269E-05
     -122.0000,       37.5000,       25.0000,        0.0000,       12.0000,      172.0000,        6.0000,     2024.0000,      250.3070,       21.6603,      239.6286,        0.2814,      863.8447,        0.0383,    95243.8787,        4.7474,       70.5028,       -4.1382,     -160.9490,  250.8643,0.237829,  2.3992E-05
     -112.0700,       33.4500,      331.0000,        0.0000,       13.0000,      200.0000,        7.0000,     2024.0000,      301.1784,       24.0979,      262.0287,        0.1736,     1039.0069,        0.4742,    69253.6381,        1.0120,       33.2291,       40.9601,      117.7532,  304.5513,0.194879,  1.5496E-05
      151.2100,      -33.8700,       39.0000,        0.0000,       12.0000,      172.0000,        6.0000,     2024.0000,      312.1147,        4.3763,      106.6991,        0.6197,     1069.3426,        0.0764,    74271.5168,        2.2344,       38.9646,       15.2387,      148.5083,  331.3374,0.173450,  5.2560E-06
       -0.1300,       51.5100,       11.0000,        0.0000,        9.0000,       80.0000,        3.0000,     2024.0000,      239.3226,       21.7010,      155.1055,        0.4068,     1221.8520,        0.8831,    72401.8406,        0.9775,       72.4277,       39.0807,       36.5894,  239.4919,0.246926,  1.0830E-05
       -0.1300,       51.5100,       11.0000,        0.0000,        9.0000,       80.0000,        3.0000,     2024.0000,      291.8421,        1.9106,      171.1983,        0.1109,     1339.7761,        0.1841,    74039.6800,        2.9591,       33.0844,       25.6543,       71.7141,  294.3352,0.203052,  3.5351E-06
       25.0000,       23.5000,      200.0000,        0.0000,       11.0000,       90.0000,        3.0000,     2024.0000,      306.5157,        6.8903,      146.9940,        0.0007,      155.5073,        0.2386,    78624.9899,        1.0615,       65.0993,       17.9214,      174.0677,  306.6763,0.193179,  5.3057E-06
     -122.0000,       37.5000,       25.0000,        0.0000,       12.0000,      172.0000,        6.0000,     2024.0000,      242.7437,        7.2477,      199.1780,        0.8312,       45.4375,        0.6623,    79138.4019,        0.8886,        7.5960,      -44.6696,       48.7400,  242.9673,0.244146,  4.9036E-06
      151.2100,      -33.8700,       39.0000,        0.0000,       12.0000,      172.0000,        6.0000,     2024.0000,      250.1294,       15.7595,      100.7356,        0.8930,      358.1405,        0.5514,    78735.8240,        3.7631,       46.8252,       31.5602,      126.7839,  250.9708,0.237743,  1.3941E-05
      103.8200,        1.3500,       15.0000,       30.0000,       14.0000,      120.0000,        4.0000,     2024.0000,      318.7683,        2.3944,      167.7810,        0.2941,      859.1804,        0.5009,    68599.0061,        0.7102,       59.9382,       34.7482,      171.2558,  326.3742,0.177421,  2.8226E-06
      103.8200,        1.3500,       15.0000,       30.0000,       14.0000,      120.0000,        4.0000,     2024.0000,      280.5341,       12.8979,      308.7091,        0.5409,      335.1297,        0.6341,    81010.3232,        1.8143,       49.4985,        0.8028,      -12.3156,  280.8937,0.213805,  9.3460E-06
      -18.0000,       65.0000,       52.0000,        0.0000,       10.0000,      355.0000,       12.0000,     2024.0000,      308.9006,        2.8461,      315.2680,        0.6112,       31.2711,        0.0221,    80168.6574,        1.9176,       38.4144,       -9.2592,      -58.2837,  309.3383,0.191049,  4.9472E-06
      103.8200,        1.3500,       15.0000,       30.0000,       14.0000,      120.0000,        4.0000,     2024.0000,      235.5900,        5.3639,       21.5640,        0.4777,      870.8762,        0.9198,    73233.1318,        3.0571,       52.6764,       -1.5779,      -45.1113,  235.5972,0.250042,  5.5776E-06
      -68.0000,      -16.5000,     3600.0000,        0.0000,       12.0000,      172.0000,        6.0000,     2024.0000,      254.8749,       10.9037,      119.5881,        0.8950,      962.8502,        0.1639,    84296.0785,        2.7350,        1.0865,       43.1458,       54.2631,  260.0359,0.230491,  1.1232E-05
      103.8200,        1.3500,       15.0000,       30.0000,       14.0000,      120.0000,        4.0000,     2024.0000,      301.8224,       12.0821,      356.9668,        0.1764,      166.3555,        0.1565,    67151.9548,        0.6212,       47.0335,       42.2042,     -107.5814,  302.1375,0.196810,  1.0219E-05
     -112.0700,       33.4500,      331.0000,        0.0000,       13.0000,      200.0000,        7.0000,     2024.0000,      288.8994,        5.3625,      319.1462,        0.6003,      114.7957,        0.1938,   100694.0283,        4.0616,       44.4514,       32.7063,      148.4663,  289.8437,0.206645,  6.9591E-06
       25.0000,       23.5000,      200.0000,        0.0000,       11.0000,       90.0000,        3.0000,     2024.0000,      271.7193,       17.9547,      182.6442,        0.5551,      586.9879,        0.5955,    76468.1429,        4.4044,       75.8922,       19.1356,      -95.0137,  272.4776,0.220538,  2.1325E-05
       55.3000,       25.2000,        5.0000,        0.0000,       10.0000,      280.0000,       10.0000,     2024.0000,      311.9824,       24.6498,      230.4029,        0.7938,      644.3299,        0.0773,    85952.8057,        4.7301,       53.4866,        1.5809,       80.4501,  312.3479,0.188642,  3.0947E-05
      151.2100,      -33.8700,       39.0000,        0.0000,       12.0000,      172.0000,        6.0000,     2024.0000,      310.3182,       12.0713,       83.5318,        0.6442,      793.6577,        0.1786,    65920.0762,        4.2877,       43.2090,       12.0006,      137.7255,  316.2045,0.185556,  1.5424E-05
       25.0000,       23.5000,      200.0000,        0.0000,       11.0000,       90.0000,        3.0000,     2024.0000,      318.1605,        0.9896,      197.2716,        0.9997,      696.8847,        0.4620,    65327.3437,        0.6399,       35.6235,       -8.0995,     -108.0760,  329.1823,0.175174,  1.3833E-06
     -122.0000,       37.5000,       25.0000,        0.0000,       12.0000,      172.0000,        6.0000,     2024.0000,      292.1010,       14.1515,       84.4892,        0.2434,      672.4374,        0.2146,    65346.7622,        2.4649,       55.4678,       -3.7535,       -4.4642,  296.1768,0.201579,  1.7219E-05
       25.0000,       23.5000,      200.0000,        0.0000,       11.0000,       90.0000,        3.0000,     2024.0000,      290.7032,        9.1618,      196.5293,        0.2832,     1237.3152,        0.1935,    71610.1152,        1.2636,       54.9110,      -29.7551,      -19.8793,  304.1338,0.195213,  7.6320E-06
       -0.1300,       51.5100,       11.0000,        0.0000,        9.0000,       80.0000,        3.0000,     2024.0000,      240.0271,       20.4676,      159.4886,        0.4702,      584.5777,        0.6624,    82500.4090,        4.2860,       87.5990,      -10.6351,       63.1500,  240.0271,0.246498,  1.9527E-05
      103.8200,        1.3500,       15.0000,       30.0000,       14.0000,      120.0000,        4.0000,     2024.0000,      288.2148,        8.4517,      281.0893,        0.3637,      433.7879,        0.6018,    99365.1753,        4.7650,       36.0550,      -29.5186,       48.0697,  289.9125,0.206590,  9.4611E-06
      -68.0000,      -16.5000,     3600.0000,        0.0000,       12.0000,      172.0000,        6.0000,     2024.0000,      244.1277,        7.3919,      178.7191,        0.2564,     1046.4824,        0.4473,    88378.3137,        3.3147,       85.5191,        5.4159,     -108.7673,  246.3947,0.241404,  9.5019E-06
       55.3000,       25.2000,        5.0000,        0.0000,       10.0000,      280.0000,       10.0000,     2024.0000,      307.7069,       21.8249,       37.5789,        0.9305,     1258.8946,        0.1126,    72307.9018,        4.3710,       78.6032,       19.6694,      -42.0690,  313.4190,0.187785,  2.2926E-05
      151.2100,      -33.8700,       39.0000,        0.0000,       12.0000,      172.0000,        6.0000,     2024.0000,      257.1196,       19.4015,      134.8667,        0.0050,      283.9932,        0.0013,    65586.7666,        3.3981,       59.9329,       13.7958,     -139.5837,  258.7082,0.231553,  2.0763E-05
      -68.0000,      -16.5000,     3600.0000,        0.0000,       12.0000,      172.0000,        6.0000,     2024.0000,      316.0543,       19.1205,      290.5614,        0.2324,      489.6630,        0.6497,    64434.8070,        3.4448,       61.7408,       38.6722,      134.6076,  316.8257,0.185059,  2.4989E-05
       25.0000,       23.5000,      200.0000,        0.0000,       11.0000,       90.0000,        3.0000,     2024.0000,      293.0635,        4.1461,       54.0976,        0.4220,      763.4316,        0.6315,    94534.1060,        3.4486,       54.3782,      -15.3922,      173.0576,  294.4535,0.202957,  5.8613E-06
       55.3000,       25.2000,        5.0000,        0.0000,       10.0000,      280.0000,       10.0000,     2024.0000,      287.3707,       10.5061,       19.7126,        0.6365,     1179.0911,        0.9922,    83064.6529,        3.9893,       53.0631,       -2.6553,     -104.6055,  287.4524,0.208558,  1.0427E-05
      151.2100,      -33.8700,       39.0000,        0.0000,       12.0000,      172.0000,        6.0000,     2024.0000,      312.7687,        9.0185,      253.7128,        0.4494,      821.3458,        0.0601,    83247.8687,        2.1856,       11.4548,      -16.9578,       40.4022,  317.4288,0.184577,  1.1030E-05
      -18.0000,       65.0000,       52.0000,        0.0000,       10.0000,      355.0000,       12.0000,     2024.0000,      245.7869,       10.4594,      235.2667,        0.0879,      164.9554,        0.6767,    92251.0556,        2.6688,       31.6453,        0.0225,     -152.3428,  245.7869,0.241891,  9.2585E-06
     -112.0700,       33.4500,      331.0000,        0.0000,       13.0000,      200.0000,        7.0000,     2024.0000,      249.6957,       14.0761,      289.0271,        0.4225,      655.8766,        0.3251,    64843.2566,        2.3380,       79.9938,       21.5956,       85.8862,  251.4286,0.237377,  9.9452E-06
      -68.0000,      -16.5000,     3600.0000,        0.0000,       12.0000,      172.0000,        6.0000,     2024.0000,      319.4529,        6.3896,      322.7174,        0.5443,      472.7392,        0.1586,    81927.7666,        4.8673,       17.7770,       17.5687,      123.8339,  325.0913,0.178447,  7.5084E-06
       -0.1300,       51.5100,       11.0000,        0.0000,        9.0000,       80.0000,        3.0000,     2024.0000,      304.9618,        3.2483,      158.4046,        0.1100,      615.9613,        0.5578,    93871.1266,        0.9123,       20.7179,      -23.1193,      -44.1759,  310.2807,0.190295,  3.2048E-06
      151.2100,      -33.8700,       39.0000,        0.0000,       12.0000,      172.0000,        6.0000,     2024.0000,      267.0576,        4.5578,      180.0260,        0.9718,      140.1710,        0.4216,    94827.8640,        4.7013,        9.5240,      -26.0823,       14.7377,  267.6309,0.224415,  6.4887E-06
     -112.0700,       33.4500,      331.0000,        0.0000,       13.0000,      200.0000,        7.0000,     2024.0000,      277.4671,       20.1177,       79.7822,        0.5571,      331.0620,        0.4520,    88339.9244,        1.7971,       79.1037,      -33.2586,     -152.1371,  277.4671,0.216546,  1.6590E-05
      -68.0000,      -16.5000,     3600.0000,        0.0000,       12.0000,      172.0000,        6.0000,     2024.0000,      272.0057,        7.2245,       80.2229,        0.1751,      820.5992,        0.2763,    99715.9033,        4.1843,       65.3943,      -14.1794,       28.6361,  272.0057,0.220915,  8.8147E-06
      -18.0000,       65.0000,       52.0000,        0.0000,       10.0000,      355.0000,       12.0000,     2024.0000,      309.2686,       23.0195,      240.3705,        0.9769,     1342.0046,        0.5053,    88633.3069,        1.2986,       82.8548,       36.0940,       88.5625,  309.2686,0.191105,  2.1129E-05
       -0.1300,       51.5100,       11.0000,        0.0000,        9.0000,       80.0000,        3.0000,     2024.0000,      259.8698,        7.6073,      170.3586,        0.7212,      884.4810,        0.1970,    87128.7907,        1.1685,        7.8802,       34.2052,      105.9722,  263.5417,0.227687,  5.6000E-06
     -112.0700,       33.4500,      331.0000,        0.0000,       13.0000,      200.0000,        7.0000,     2024.0000,      238.4082,        7.8268,       33.9634,        0.1717,      380.4826,        0.6347,    65278.0259,        3.8112,        9.9183,      -10.7958,     -123.0130,  240.1124,0.246430,  8.1077E-06
       25.0000,       23.5000,      200.0000,        0.0000,       11.0000,       90.0000,        3.0000,     2024.0000,      320.4366,       20.1639,      272.2628,        0.6945,      581.6435,        0.2651,    83370.8210,        4.2464,        0.0308,      -21.4776,      178.2437,  323.0645,0.180068,  2.1361E-05
     -122.0000,       37.5000,       25.0000,        0.0000,       12.0000,      172.0000,        6.0000,     2024.0000,      321.0129,        8.1136,      235.6836,        0.6443,      453.5237,        0.2788,    64659.7450,        0.9613,       61.7718,        7.3198,     -123.9607,  323.3644,0.179828,  6.1096E-06
     -112.0700,       33.4500,      331.0000,        0.0000,       13.0000,      200.0000,        7.0000,     2024.0000,      243.9503,        3.4344,      199.2393,        0.6796,      194.5400,        0.3968,    98833.5100,        0.9335,       81.2005,       37.0805,      103.9493,  244.7779,0.242698,  2.9764E-06
       -0.1300,       51.5100,       11.0000,        0.0000,        9.0000,       80.0000,        3.0000,     2024.0000,      277.7831,       10.4657,       37.8980,        0.5598,      188.6712,        0.9424,    91044.3775,        2.5483,       39.0261,       24.8746,       20.0309,  277.8473,0.216242,  1.3691E-05
      -18.0000,       65.0000,       52.0000,        0.0000,       10.0000,      355.0000,       12.0000,     2024.0000,      238.1038,       16.1451,       94.3811,        0.3368,     1064.8900,        0.1415,    92317.2414,        1.9709,       26.2263,      -16.7178,      -56.3200,  241.3696,0.245424,  1.0350E-05
       55.3000,       25.2000,        5.0000,        0.0000,       10.0000,      280.0000,       10.0000,     2024.0000,      298.5210,        3.3572,      320.9123,        0.9757,     1050.5303,        0.9171,    79668.2790,        2.8584,       27.8663,      -37.7392,       56.9217,  299.4353,0.198972,  4.8042E-06
       55.3000,       25.2000,        5.0000,        0.0000,       10.0000,      280.0000,       10.0000,     2024.0000,      317.4181,        9.2693,      314.6356,        0.5430,      779.4123,        0.2446,    86725.6099,        3.4470,       35.8116,       19.5513,      135.7291,  318.8909,0.183407,  9.8327E-06
      -18.0000,       65.0000,       52.0000,        0.0000,       10.0000,      355.0000,       12.0000,     2024.0000,      309.0018,       13.0150,      130.1822,        0.4804,      583.7830,        0.2228,    89170.3209,        4.4738,       14.2456,      -22.9375,      156.9375,  309.0018,0.191319,  1.6272E-05
      151.2100,      -33.8700,       39.0000,        0.0000,       12.0000,      172.0000,        6.0000,     2024.0000,      273.0669,       13.8609,       29.3018,        0.1745,      606.7968,        0.4653,    64503.5784,        0.9973,       27.3046,       27.1825,      125.9469,  276.0153,0.217708,  1.0095E-05
     -122.0000,       37.5000,       25.0000,        0.0000,       12.0000,      172.0000,        6.0000,     2024.0000,      316.0877,       22.6433,      173.4298,        0.8393,      631.7531,        0.4901,    79747.0333,        4.8933,       21.7589,       -3.8191,      167.2853,  317.7846,0.184292,  2.5042E-05
      151.2100,      -33.8700,       39.0000,        0.0000,       12.0000,      172.0000,        6.0000,     2024.0000,      236.8975,       14.6814,      300.0933,        0.6664,     1292.7277,        0.8520,    74446.7236,        1.2558,       56.2826,        4.0684,     -159.0209,  239.1519,0.247198,  9.9843E-06
      103.8200,        1.3500,       15.0000,       30.0000,       14.0000,      120.0000,        4.0000,     2024.0000,      281.0664,        1.5489,      133.9343,        0.4210,      155.5185,        0.5252,    83155.8651,        2.7960,       84.2291,      -32.7253,       20.7640,  281.1848,0.213572,  2.8898E-06
      103.8200,        1.3500,       15.0000,       30.0000,       14.0000,      120.0000,        4.0000,     2024.0000,      308.4733,        3.8525,       43.0764,        0.5359,      992.3450,        0.6082,    79179.0963,        2.6901,       87.7103,      -13.8359,       43.5861,  310.7609,0.189911,  5.0304E-06
       25.0000,       23.5000,      200.0000,        0.0000,       11.0000,       90.0000,        3.0000,     2024.0000,      233.2188,       23.3595,       82.8273,        0.0609,      331.4618,        0.8663,    88924.0328,        2.5669,       50.0675,       -0.6318,      -22.5986,  233.4557,0.251755,  2.1620E-05
      -68.0000,      -16.5000,     3600.0000,        0.0000,       12.0000,      172.0000,        6.0000,     2024.0000,      263.5717,       16.9112,       13.0491,        0.2640,      689.1229,        0.2203,    81887.4185,        0.5338,       12.2942,      -39.1314,      -79.8290,  267.8529,0.224238,  8.7267E-06
       55.3000,       25.2000,        5.0000,        0.0000,       10.0000,      280.0000,       10.0000,     2024.0000,      250.9038,        5.0185,       61.4785,        0.2562,      809.0113,        0.6432,    78151.8704,        2.6246,       19.3343,       14.7718,       34.7318,  254.7454,0.234724,  5.2672E-06
       25.0000,       23.5000,      200.0000,        0.0000,       11.0000,       90.0000,        3.0000,     2024.0000,      293.5467,       17.3356,      187.1441,        0.1205,      912.8146,        0.0115,    99609.3723,        2.6304,       80.8621,      -14.2945,      -16.5828,  297.4025,0.200598,  1.7633E-05
      -68.0000,      -16.5000,     3600.0000,        0.0000,       12.0000,      172.0000,        6.0000,     2024.0000,      262.7018,       20.6740,       47.3794,        0.0855,      846.5230,        0.8174,    82698.4910,        3.5985,       37.6796,        8.3379,      -30.5157,  262.9742,0.228141,  2.1283E-05
     -112.0700,       33.4500,      331.0000,        0.0000,       13.0000,      200.0000,        7.0000,     2024.0000,      237.8600,       24.0576,      172.7263,        0.1025,      487.8100,        0.4765,    93785.4919,        4.4562,        5.2326,      -16.1909,      142.1438,  239.1561,0.247195,  2.1126E-05
     -112.0700,       33.4500,      331.0000,        0.0000,       13.0000,      200.0000,        7.0000,     2024.0000,      260.6202,       12.1952,       41.1618,        0.5659,     1186.3630,        0.4346,    77888.2048,        0.7594,       67.7582,        2.3449,       94.0707,  266.9547,0.224956,  7.9384E-06
      103.8200,        1.3500,       15.0000,       30.0000,       14.0000,      120.0000,        4.0000,     2024.0000,      282.6573,        8.9584,      178.6620,        0.8118,     1102.1118,        0.8999,    98022.0523,        2.0391,       19.7403,       28.9125,       11.2386,  283.6962,0.211563,  1.0397E-05
      103.8200,        1.3500,       15.0000,       30.0000,       14.0000,      120.0000,        4.0000,     2024.0000,      266.2587,       11.5078,      160.9742,        0.4805,      761.7359,        0.8643,    84452.4250,        2.3867,        7.4625,       -4.7929,      -66.7053,  267.1031,0.224837,  1.1726E-05
      151.2100,      -33.8700,       39.0000,        0.0000,       12.0000,      172.0000,        6.0000,     2024.0000,      307.3397,       14.9751,       48.5507,        0.3932,      823.8377,        0.9615,   100837.5524,        1.3587,        0.3892,       -6.5754,      130.1427,  307.5606,0.192472,  1.0760E-05
       55.3000,       25.2000,        5.0000,        0.0000,       10.0000,      280.0000,       10.0000,     2024.0000,      265.3064,        1.8037,      163.5959,        0.9636,      524.2428,        0.3491,    95703.9662,        3.3821,       38.5316,       40.9875,      118.5821,  266.3977,0.225402,  2.7671E-06
     -112.0700,       33.4500,      331.0000,        0.0000,       13.0000,      200.0000,        7.0000,     2024.0000,      271.6091,       11.7605,       51.6183,        0.9036,     1040.7601,        0.7215,    89872.0117,        3.2804,        1.9920,       12.8780,     -166.6847,  274.5207,0.218903,  1.3084E-05
       -0.1300,       51.5100,       11.0000,        0.0000,        9.0000,       80.0000,        3.0000,     2024.0000,      262.5242,        6.2230,      203.0868,        0.2018,      494.5270,        0.0917,    78371.3380,        1.4343,       59.6520,       31.9492,       21.2119,  266.0788,0.225657,  5.7118E-06
       25.0000,       23.5000,      200.0000,        0.0000,       11.0000,       90.0000,        3.0000,     2024.0000,      269.1411,       15.4041,       52.7535,        0.7121,      900.8096,        0.4442,    72484.8136,        4.6206,       41.0684,        1.7453,       78.1154,  271.5999,0.221240,  1.4735E-05
      151.2100,      -33.8700,       39.0000,        0.0000,       12.0000,      172.0000,        6.0000,     2024.0000,      305.1733,        0.0921,      115.5563,        0.7658,      525.8728,        0.2257,    77063.8621,        2.2482,       67.1519,      -38.9967,       73.1016,  305.1733,0.194381,  1.4299E-06
      151.2100,      -33.8700,       39.0000,        0.0000,       12.0000,      172.0000,        6.0000,     2024.0000,      306.5910,       24.4794,      332.2784,        0.5948,      999.3511,        0.6624,    91885.1640,        1.2396,       13.3260,        9.6191,     -172.1102,  308.6882,0.191569,  2.1935E-05
      -68.0000,      -16.5000,     3600.0000,        0.0000,       12.0000,      172.0000,        6.0000,     2024.0000,      306.6087,       17.5575,       41.7082,        0.0819,     1352.3362,        0.7552,    74517.2925,        2.5516,       34.1733,      -25.9901,      169.8442,  309.1227,0.191222,  2.0325E-05
      151.2100,      -33.8700,       39.0000,        0.0000,       12.0000,      172.0000,        6.0000,     2024.0000,      252.1284,       18.9609,      192.7468,        0.2671,      541.8003,        0.1677,    93058.6001,        3.9243,       23.0127,      -39.4847,       76.9139,  253.1710,0.235983,  1.9309E-05
      103.8200,        1.3500,       15.0000,       30.0000,       14.0000,      120.0000,        4.0000,     2024.0000,      285.3255,       12.9694,      354.5469,        0.2680,       25.9627,        0.7090,    66693.0515,        2.6132,        5.8515,      -10.1213,     -170.5852,  285.3874,0.210210,  1.6603E-05
      103.8200,        1.3500,       15.0000,       30.0000,       14.0000,      120.0000,        4.0000,     2024.0000,      267.9732,        9.6108,      167.1867,        0.9339,     1317.1996,        0.2902,    81187.7466,        2.6398,        7.1717,      -24.4348,      -73.5618,  275.6962,0.217963,  1.2227E-05
      -68.0000,      -16.5000,     3600.0000,        0.0000,       12.0000,      172.0000,        6.0000,     2024.0000,      234.4392,       20.0574,      276.2386,        0.7497,     1231.6075,        0.4745,    83823.4896,        3.6911,        0.9454,       22.5959,      -72.3839,  237.4533,0.248557,  1.8364E-05
       25.0000,       23.5000,      200.0000,        0.0000,       11.0000,       90.0000,        3.0000,     2024.0000,      308.9674,        7.6532,      225.3788,        0.0538,      678.6599,        0.3336,    72083.6070,        2.3972,       73.2239,       24.3950,      133.3727,  308.9674,0.191346,  7.4793E-06
      -68.0000,      -16.5000,     3600.0000,        0.0000,       12.0000,      172.0000,        6.0000,     2024.0000,      250.0514,       20.7897,      322.8148,        0.3871,      250.2999,        0.1719,    63968.6283,        4.6307,       19.9179,       38.8077,       32.9623,  250.6153,0.238028,  2.0713E-05
       55.3000,       25.2000,        5.0000,        0.0000,       10.0000,      280.0000,       10.0000,     2024.0000,      310.4450,       15.4466,      226.7775,        0.7316,      829.7705,        0.0537,    82767.1756,        1.9368,       12.2805,        5.8677,      -71.5019,  317.7269,0.184339,  1.3909E-05
       25.0000,       23.5000,      200.0000,        0.0000,       11.0000,       90.0000,        3.0000,     2024.0000,      288.9758,        2.9199,      149.2601,        0.7442,     1324.4897,        0.3994,    72619.9778,        0.5877,       42.9734,       19.0288,      -17.8153,  310.6775,0.189978,  2.9188E-06
      -68.0000,      -16.5000,     3600.0000,        0.0000,       12.0000,      172.0000,        6.0000,     2024.0000,      266.3935,       12.1804,      154.0870,        0.7040,      551.3422,        0.8394,    91820.9319,        1.2264,        6.8249,      -21.4756,     -150.9650,  267.4033,0.224597,  8.9859E-06
      -68.0000,      -16.5000,     3600.0000,        0.0000,       12.0000,      172.0000,        6.0000,     2024.0000,      234.1487,       11.8730,       51.2360,        0.3538,      369.2665,        0.5547,    91186.0694,        0.5959,       11.1340,        4.0088,      129.8635,  236.4667,0.249347,  6.0511E-06
       25.0000,       23.5000,      200.0000,        0.0000,       11.0000,       90.0000,        3.0000,     2024.0000,      277.5894,       22.7886,      307.2051,        0.0085,      648.7624,        0.7607,    96115.0975,        2.8092,       70.4141,      -24.7800,     -164.4931,  277.6532,0.216397,  2.1138E-05
     -122.0000,       37.5000,       25.0000,        0.0000,       12.0000,      172.0000,        6.0000,     2024.0000,      305.1091,        5.3095,       70.2713,        0.5021,       67.8753,        0.8560,    92182.1789,        4.2894,       29.6086,       20.2536,      131.2649,  305.2437,0.194325,  7.6450E-06
      -18.0000,       65.0000,       52.0000,        0.0000,       10.0000,      355.0000,       12.0000,     2024.0000,      278.4703,        4.7322,      210.9019,        0.3981,     1338.6993,        0.6294,    73302.4757,        3.2978,       40.0637,        5.9591,      173.7961,  278.4703,0.215744,  8.1712E-06
       25.0000,       23.5000,      200.0000,        0.0000,       11.0000,       90.0000,        3.0000,     2024.0000,      261.3724,       15.2538,      226.1246,        0.1872,       38.1204,        0.2758,    90922.5917,        4.4756,       25.8754,       40.9885,     -166.2803,  261.5003,0.229320,  1.6195E-05
     -112.0700,       33.4500,      331.0000,        0.0000,       13.0000,      200.0000,        7.0000,     2024.0000,      268.6205,        7.6284,      209.1485,        0.3280,      972.9690,        0.8777,    76590.2924,        0.8739,       55.4669,       40.1113,       81.3304,  270.0790,0.222457,  5.7411E-06
      103.8200,        1.3500,       15.0000,       30.0000,       14.0000,      120.0000,        4.0000,     2024.0000,      242.6131,        1.3236,       10.9872,        0.3299,      622.5666,        0.3386,    77642.6164,        4.1626,       38.7683,       12.4339,      -24.0873,  246.1367,0.241611,  2.4753E-06
     -112.0700,       33.4500,      331.0000,        0.0000,       13.0000,      200.0000,        7.0000,     2024.0000,      236.3753,       22.4684,      271.2743,        0.5474,      542.5007,        0.0175,    99358.5384,        2.8040,        0.5591,      -41.5212,      106.5254,  238.6372,0.247610,  2.2067E-05
      -18.0000,       65.0000,       52.0000,        0.0000,       10.0000,      355.0000,       12.0000,     2024.0000,      271.9028,       19.3533,       54.0504,        0.0706,     1328.6576,        0.4901,    94312.1003,        1.0848,       79.1208,      -29.2076,      -65.9442,  276.8409,0.217047,  1.2370E-05
      103.8200,        1.3500,       15.0000,       30.0000,       14.0000,      120.0000,        4.0000,     2024.0000,      314.6775,        0.2474,      207.3386,        0.5703,      450.1203,        0.8116,    65250.0657,        3.1283,       27.7478,       35.1444,      -26.1402,  315.7776,0.185898,  1.8569E-06
      -18.0000,       65.0000,       52.0000,        0.0000,       10.0000,      355.0000,       12.0000,     2024.0000,      298.1970,       14.2119,      131.9505,        0.3863,      106.5131,        0.8795,    96563.5301,        3.4136,       17.5996,      -29.2645,       66.1838,  298.1970,0.199962,  1.8303E-05
     -122.0000,       37.5000,       25.0000,        0.0000,       12.0000,      172.0000,        6.0000,     2024.0000,      292.0030,        3.8605,      251.2832,        0.1470,      849.8914,        0.3764,    77012.7614,        1.4478,       24.0582,      -14.0857,       82.0836,  304.0349,0.195292,  3.4410E-06
      103.8200,        1.3500,       15.0000,       30.0000,       14.0000,      120.0000,        4.0000,     2024.0000,      312.4551,        0.5439,      243.6044,        0.1578,     1294.4130,        0.9854,    91823.3355,        2.7484,       30.0461,       34.3650,      132.0168,  312.9508,0.188159,  2.0506E-06
     -112.0700,       33.4500,      331.0000,        0.0000,       13.0000,      200.0000,        7.0000,     2024.0000,      249.5846,       18.4540,       23.6574,        0.6172,      709.4379,        0.7079,    89750.6670,        2.9605,       12.1421,      -35.6167,      135.5150,  250.7241,0.237941,  1.6217E-05
      151.2100,      -33.8700,       39.0000,        0.0000,       12.0000,      172.0000,        6.0000,     2024.0000,      263.2023,       18.2082,      213.1681,        0.3652,      678.6474,        0.9896,    90965.3133,        2.7100,       57.0754,       13.8466,      173.6901,  263.2542,0.227917,  1.7880E-05
       25.0000,       23.5000,      200.0000,        0.0000,       11.0000,       90.0000,        3.0000,     2024.0000,      267.4422,       21.3294,       88.6462,        0.4767,       93.8407,        0.4445,    94344.1496,        3.7861,       36.2053,       -9.7465,       78.0687,  267.6499,0.224400,  2.1207E-05
       55.3000,       25.2000,        5.0000,        0.0000,       10.0000,      280.0000,       10.0000,     2024.0000,      237.3297,       24.6211,      255.0606,        0.9005,     1264.8944,        0.4187,    98668.1628,        0.8332,       11.8219,       21.9001,      -68.3458,  242.6207,0.244423,  1.3035E-05
       -0.1300,       51.5100,       11.0000,        0.0000,        9.0000,       80.0000,        3.0000,     2024.0000,      255.1236,       19.2373,      102.2485,        0.8941,      181.9889,        0.9963,    98009.5837,        4.9746,       11.7235,       30.1268,      -36.4261,  255.1260,0.234419,  2.3052E-05
      103.8200,        1.3500,       15.0000,       30.0000,       14.0000,      120.0000,        4.0000,     2024.0000,      314.6924,       17.2670,      296.4751,        0.5832,      709.7425,        0.8872,    87666.7748,        3.4207,       85.3219,      -24.0813,      -59.0912,  314.6924,0.186766,  2.1692E-05
       -0.1300,       51.5100,       11.0000,        0.0000,        9.0000,       80.0000,        3.0000,     2024.0000,      247.0242,       14.8671,        8.4445,        0.9937,       16.8854,        0.4875,    88998.9578,        1.0082,       47.1418,       15.6096,      -45.9123,  247.1293,0.240817,  9.3335E-06
       55.3000,       25.2000,        5.0000,        0.0000,       10.0000,      280.0000,       10.0000,     2024.0000,      267.5674,        8.6423,      312.6986,        0.9785,     1205.0842,        0.6036,    65308.2039,        2.4803,       34.6890,        8.3785,      -88.7436,  273.6834,0.219573,  8.7573E-06
      -18.0000,       65.0000,       52.0000,        0.0000,       10.0000,      355.0000,       12.0000,     2024.0000,      248.1521,        2.7204,       87.4807,        0.2693,      365.9161,        0.2601,    86499.2744,        1.5815,       35.6830,      -28.8828,     -104.4004,  248.9728,0.239342,  2.4985E-06
       55.3000,       25.2000,        5.0000,        0.0000,       10.0000,      280.0000,       10.0000,     2024.0000,      261.1854,       20.2780,       26.0289,        0.7391,     1349.3731,        0.2248,    99872.4517,        0.6799,       55.8622,       16.8026,       20.1628,  268.6333,0.223613,  9.3231E-06
     -122.0000,       37.5000,       25.0000,        0.0000,       12.0000,      172.0000,        6.0000,     2024.0000,      320.8984,       22.0188,      275.7588,        0.2964,     1164.0979,        0.2325,    67271.5378,        3.7874,       89.6189,        3.3137,      -39.7204,  322.0519,0.180878,  3.1303E-05
       -0.1300,       51.5100,       11.0000,        0.0000,        9.0000,       80.0000,        3.0000,     2024.0000,      299.5436,        7.3699,      113.6300,        0.9049,      684.5726,        0.4779,    93333.2504,        1.2164,       29.4779,       -1.3084,     -159.9565,  301.3260,0.197459,  7.8235E-06
      -18.0000,       65.0000,       52.0000,        0.0000,       10.0000,      355.0000,       12.0000,     2024.0000,      260.3278,       15.0497,      241.5938,        0.7490,     1003.6308,        0.5124,    95894.9920,        0.6037,       31.3032,      -11.4872,      143.7518,  260.3278,0.230258,  7.8960E-06
       55.3000,       25.2000,        5.0000,        0.0000,       10.0000,      280.0000,       10.0000,     2024.0000,      260.3048,       24.8402,      324.6190,        0.9165,      252.5394,        0.7061,    95380.2812,        3.4343,        2.7081,       11.5781,      -80.8564,  260.6111,0.230031,  2.5082E-05
      -18.0000,       65.0000,       52.0000,        0.0000,       10.0000,      355.0000,       12.0000,     2024.0000,      304.2735,       19.8923,      137.3844,        0.6650,      671.7461,        0.9752,    88698.8954,        3.9874,       33.2237,        0.4225,      -90.6074,  304.3030,0.195078,  1.7484E-05
     -122.0000,       37.5000,       25.0000,        0.0000,       12.0000,      172.0000,        6.0000,     2024.0000,      268.7870,        6.0277,      248.8752,        0.6624,       56.7978,        0.4109,    68115.2921,        0.9030,       89.3241,      -37.9524,      -81.5751,  268.8157,0.223467,  5.2788E-06
      103.8200,        1.3500,       15.0000,       30.0000,       14.0000,      120.0000,        4.0000,     2024.0000,      320.0359,       21.0427,       83.5806,        0.1589,      217.3381,        0.6071,    76252.2488,        2.4549,       82.1808,      -22.0592,       34.7833,  320.1831,0.182373,  2.4489E-05
      -68.0000,      -16.5000,     3600.0000,        0.0000,       12.0000,      172.0000,        6.0000,     2024.0000,      319.2140,        8.2779,      349.1186,        0.4875,      888.2120,        0.2022,    67944.8895,        1.6190,       52.5125,       36.7843,       98.6350,  324.9405,0.178568,  8.7134E-06
       25.0000,       23.5000,      200.0000,        0.0000,       11.0000,       90.0000,        3.0000,     2024.0000,      286.7715,        7.2239,      142.3197,        0.6241,      419.7742,        0.7302,    78259.2034,        2.1276,        2.9275,       13.0239,      116.3095,  288.5005,0.207720,  7.5948E-06
       25.0000,       23.5000,      200.0000,        0.0000,       11.0000,       90.0000,        3.0000,     2024.0000,      321.2010,       17.0000,      279.3506,        0.8682,      806.5424,        0.5907,    85833.2051,        4.5486,       48.8284,      -25.1023,     -101.5512,  323.0761,0.180059,  2.4548E-05
      151.2100,      -33.8700,       39.0000,        0.0000,       12.0000,      172.0000,        6.0000,     2024.0000,      286.6336,       18.2238,      334.3769,        0.7159,      508.9733,        0.9207,    68241.2164,        3.7852,       25.4701,       25.2842,       48.2311,  286.7024,0.209158,  2.0086E-05
       25.0000,       23.5000,      200.0000,        0.0000,       11.0000,       90.0000,        3.0000,     2024.0000,      317.3762,        0.7359,      305.0530,        0.8515,      659.3943,        0.3621,    73662.0883,        2.3503,       31.9741,       12.7293,     -166.1952,  326.0232,0.177701,  2.1209E-06
     -122.0000,       37.5000,       25.0000,        0.0000,       12.0000,      172.0000,        6.0000,     2024.0000,      272.6027,       17.7512,      226.4795,        0.5499,      711.7739,        0.2351,    71280.4459,        3.9135,       36.8613,       27.8240,      -76.3979,  275.6180,0.218026,  2.0919E-05
     -122.0000,       37.5000,       25.0000,        0.0000,       12.0000,      172.0000,        6.0000,     2024.0000,      287.2177,        0.9312,      136.3162,        0.8290,     1070.8818,        0.9123,    82090.4794,        2.3516,       25.2939,        0.0870,       92.8724,  289.7714,0.206703,  2.3589E-06
      -18.0000,       65.0000,       52.0000,        0.0000,       10.0000,      355.0000,       12.0000,     2024.0000,      291.5385,        2.3222,       99.0431,        0.3929,      590.5101,        0.2965,    92681.1437,        2.5359,       75.8831,      -18.7917,       -8.6950,  301.1787,0.197577,  4.1068E-06
     -122.0000,       37.5000,       25.0000,        0.0000,       12.0000,      172.0000,        6.0000,     2024.0000,      234.5735,        9.8167,      249.5471,        0.6455,      797.7559,        0.4458,    95058.6655,        4.1569,       37.6750,       18.7635,      -69.2592,  238.7170,0.247546,  8.7440E-06
     -122.0000,       37.5000,       25.0000,        0.0000,       12.0000,      172.0000,        6.0000,     2024.0000,      239.1389,        3.7514,       87.5534,        0.2837,      588.9338,        0.7419,    74531.2630,        2.1821,       34.5752,      -35.4031,     -147.9672,  241.0295,0.245696,  3.7879E-06
       -0.1300,       51.5100,       11.0000,        0.0000,        9.0000,       80.0000,        3.0000,     2024.0000,      283.8508,       12.4900,        9.7162,        0.7175,       44.7221,        0.8105,    72916.0960,        4.3926,       43.1518,       43.1970,     -154.0304,  283.8629,0.211430,  1.2978E-05
       55.3000,       25.2000,        5.0000,        0.0000,       10.0000,      280.0000,       10.0000,     2024.0000,      237.6862,        3.9092,       15.2140,        0.7007,     1021.1386,        0.6959,    85792.3865,        4.0150,       76.2716,       11.2620,      156.7881,  237.6862,0.248371,  4.0921E-06
      -68.0000,      -16.5000,     3600.0000,        0.0000,       12.0000,      172.0000,        6.0000,     2024.0000,      314.0286,       20.4954,       17.5454,        0.2075,      740.4227,        0.5554,    62376.6186,        1.7911,       78.2221,       16.9527,      -31.0162,  314.0286,0.187297,  2.0175E-05
      103.8200,        1.3500,       15.0000,       30.0000,       14.0000,      120.0000,        4.0000,     2024.0000,      265.6538,        4.9729,      318.8634,        0.6624,       88.8685,        0.7023,    67190.1746,        4.8646,       34.8125,       27.9857,     -109.6683,  265.8147,0.225868,  5.3573E-06
       25.0000,       23.5000,      200.0000,        0.0000,       11.0000,       90.0000,        3.0000,     2024.0000,      252.5680,        3.9000,      356.3656,        0.4292,     1352.8222,        0.4511,    85437.4254,        1.6405,       17.9398,        1.5098,       -0.8455,  269.9930,0.222526,  4.2625E-06
       25.0000,       23.5000,      200.0000,        0.0000,       11.0000,       90.0000,        3.0000,     2024.0000,      240.3579,        4.9810,      137.6164,        0.0958,      896.3057,        0.1428,    94559.8300,        2.9707,       15.1054,      -13.8286,      164.9872,  251.1280,0.237618,  7.0660E-06
       25.0000,       23.5000,      200.0000,        0.0000,       11.0000,       90.0000,        3.0000,     2024.0000,      282.9959,       18.7767,      140.8558,        0.9435,       76.6335,        0.2453,    71792.4797,        4.1114,       87.4209,      -20.0155,       94.6633,  282.9959,0.212123,  2.6725E-05
      -18.0000,       65.0000,       52.0000,        0.0000,       10.0000,      355.0000,       12.0000,     2024.0000,      297.6169,        8.8260,      337.9383,        0.1470,     1014.2111,        0.5887,    93621.1873,        2.2973,       18.4830,       -6.8476,     -169.3798,  297.6169,0.200426,  8.9460E-06
     -122.0000,       37.5000,       25.0000,        0.0000,       12.0000,      172.0000,        6.0000,     2024.0000,      293.0019,        8.6483,      146.6783,        0.4412,      677.1846,        0.1325,    91987.9675,        3.5787,       43.3464,       31.6502,      -58.2048,  298.6276,0.199618,  9.1546E-06
       -0.1300,       51.5100,       11.0000,        0.0000,        9.0000,       80.0000,        3.0000,     2024.0000,      272.4583,       20.6450,      314.7627,        0.0794,      653.3098,        0.6579,    82608.4450,        4.3973,       61.3424,      -39.2468,       33.5342,  272.7763,0.220299,  2.0817E-05
       25.0000,       23.5000,      200.0000,        0.0000,       11.0000,       90.0000,        3.0000,     2024.0000,      246.5577,       24.7030,      130.6625,        0.5521,      394.7738,        0.4315,    97203.2910,        1.7145,       80.7008,       30.7207,      -32.6704,  247.3193,0.240665,  1.3928E-05
      103.8200,        1.3500,       15.0000,       30.0000,       14.0000,      120.0000,        4.0000,     2024.0000,      286.2598,        2.2361,      109.0626,        0.6238,      226.2727,        0.1278,    89034.9281,        1.3679,       12.1712,      -40.4280,       10.7624,  289.5142,0.206909,  2.8477E-06
      151.2100,      -33.8700,       39.0000,        0.0000,       12.0000,      172.0000,        6.0000,     2024.0000,      270.0994,        9.6389,      107.9763,        0.7751,      937.9043,        0.2148,    66900.2912,        4.2558,       77.2662,      -16.0248,     -119.2514,  274.8010,0.218679,  9.5641E-06
       25.0000,       23.5000,      200.0000,        0.0000,       11.0000,       90.0000,        3.0000,     2024.0000,      259.6975,       14.2587,       69.2837,        0.3389,     1293.9386,        0.6562,    78234.5864,        4.7922,       41.2971,       40.3494,      143.5094,  260.9717,0.229743,  1.1470E-05
       -0.1300,       51.5100,       11.0000,        0.0000,        9.0000,       80.0000,        3.0000,     2024.0000,      294.7615,       22.1140,      151.3009,        0.2670,      586.7522,        0.0274,    98304.7064,        1.0585,       83.5988,      -10.2349,      -91.6113,  298.9080,0.199394,  1.3407E-05
      -68.0000,      -16.5000,     3600.0000,        0.0000,       12.0000,      172.0000,        6.0000,     2024.0000,      319.0686,        0.3039,      275.1998,        0.1652,     1354.6436,        0.9114,    96061.1588,        4.3875,       88.8204,       41.4643,     -139.2105,  320.6029,0.182038,  1.7628E-06
     -112.0700,       33.4500,      331.0000,        0.0000,       13.0000,      200.0000,        7.0000,     2024.0000,      269.7765,       14.5942,      140.0124,        0.4818,      796.9874,        0.0644,    95549.5948,        4.8648,       44.7098,       43.6987,      165.6749,  272.6347,0.220412,  1.7194E-05
       25.0000,       23.5000,      200.0000,        0.0000,       11.0000,       90.0000,        3.0000,     2024.0000,      276.7443,        2.5904,      103.0510,        0.9280,      826.5396,        0.8580,    70636.1947,        2.0434,       36.1937,       -7.8093,     -161.4460,  278.5959,0.215643,  3.3587E-06
       25.0000,       23.5000,      200.0000,        0.0000,       11.0000,       90.0000,        3.0000,     2024.0000,      303.3782,       15.6150,      341.2771,        0.2700,       75.9560,        0.9646,    98594.6338,        4.2359,       89.5633,       31.9239,      -82.3353,  303.3845,0.195812,  2.0087E-05
      -68.0000,      -16.5000,     3600.0000,        0.0000,       12.0000,      172.0000,        6.0000,     2024.0000,      303.2877,        1.7080,       96.8596,        0.2493,      221.8615,        0.0773,    65925.5785,        3.9764,       21.9884,        7.1404,       -2.5623,  305.9817,0.193735,  3.5217E-06
       25.0000,       23.5000,      200.0000,        0.0000,       11.0000,       90.0000,        3.0000,     2024.0000,      263.6741,        7.8163,       37.8499,        0.8961,      460.6459,        0.2668,    82614.5763,        0.6842,       49.4114,       -6.5853,     -110.8907,  268.6466,0.223603,  4.2825E-06
       55.3000,       25.2000,        5.0000,        0.0000,       10.0000,      280.0000,       10.0000,     2024.0000,      308.1627,       14.8392,      208.2783,        0.6354,       57.8999,        0.0101,    80473.1094,        3.0729,       87.2778,      -15.5974,      -99.9605,  308.3921,0.191806,  1.8776E-05
       -0.1300,       51.5100,       11.0000,        0.0000,        9.0000,       80.0000,        3.0000,     2024.0000,      277.1461,        7.8964,      194.2088,        0.1090,     1190.6535,        0.0962,    80554.4771,        4.5297,       14.9549,       -8.2953,      -54.1140,  287.4766,0.208539,  7.8911E-06
      -18.0000,       65.0000,       52.0000,        0.0000,       10.0000,      355.0000,       12.0000,     2024.0000,      271.5942,       20.2805,      214.5508,        0.5669,      498.9937,        0.0531,    62814.8874,        0.9682,       68.4229,      -12.1159,     -176.5713,  271.5942,0.221245,  1.4934E-05
      103.8200,        1.3500,       15.0000,       30.0000,       14.0000,      120.0000,        4.0000,     2024.0000,      238.1131,       15.7360,       23.3926,        0.4396,      830.4668,        0.1943,    73738.9599,        2.3865,       66.2146,        1.0691,     -131.9117,  238.4345,0.247772,  1.5917E-05
       -0.1300,       51.5100,       11.0000,        0.0000,        9.0000,       80.0000,        3.0000,     2024.0000,      321.4658,       13.5168,      356.4201,        0.2661,      998.8252,        0.7548,    83734.7077,        4.9198,       38.9121,       26.2605,     -162.7681,  321.7721,0.181102,  1.8021E-05
      -18.0000,       65.0000,       52.0000,        0.0000,       10.0000,      355.0000,       12.0000,     2024.0000,      252.9440,       12.8827,       90.9269,        0.3595,      986.4946,        0.0815,    86350.6318,        3.1385,       29.1573,       29.9354,       63.9894,  252.9440,0.236165,  1.4986E-05
      -18.0000,       65.0000,       52.0000,        0.0000,       10.0000,      355.0000,       12.0000,     2024.0000,      241.9343,       16.4127,      258.9514,        0.5101,     1121.6196,        0.8558,    88617.9557,        1.3393,        6.7345,       -1.7663,        4.9474,  242.1131,0.244830,  1.2486E-05
      103.8200,        1.3500,       15.0000,       30.0000,       14.0000,      120.0000,        4.0000,     2024.0000,      250.6429,       21.9529,       53.2176,        0.3978,     1322.3118,        0.9691,    86087.6262,        3.8263,       69.7725,      -41.7572,      -59.5102,  250.6429,0.238006,  2.2341E-05
      151.2100,      -33.8700,       39.0000,        0.0000,       12.0000,      172.0000,        6.0000,     2024.0000,      242.2706,        4.3014,      344.9600,        0.0218,      682.6255,        0.8770,    78780.2647,        0.6610,       23.7694,      -42.2499,      154.2486,  243.5715,0.243663,  2.7674E-06
      -68.0000,      -16.5000,     3600.0000,        0.0000,       12.0000,      172.0000,        6.0000,     2024.0000,      279.9076,       16.5718,      335.7240,        0.6904,      229.9970,        0.7131,    83549.1441,        1.4012,       34.7438,      -23.4739,       10.8811,  280.0941,0.214445,  1.1878E-05
     -122.0000,       37.5000,       25.0000,        0.0000,       12.0000,      172.0000,        6.0000,     2024.0000,      292.8108,       10.9176,       43.6812,        0.1392,      477.4930,        0.7030,    95646.6684,        4.1119,       21.1379,       26.7027,      109.7451,  294.1294,0.203216,  1.2730E-05
      -18.0000,       65.0000,       52.0000,        0.0000,       10.0000,      355.0000,       12.0000,     2024.0000,      241.2248,       20.9399,      129.8355,        0.9144,      984.3666,        0.5332,    94388.7392,        4.4342,        7.7576,      -29.7281,      -54.0919,  241.5317,0.245295,  1.8284E-05
      103.8200,        1.3500,       15.0000,       30.0000,       14.0000,      120.0000,        4.0000,     2024.0000,      322.6914,        8.8399,       39.3023,        0.9904,     1317.3158,        0.5165,    78586.2269,        2.4103,       28.2316,      -12.0865,      -81.8492,  326.4389,0.177369,  9.4399E-06
       25.0000,       23.5000,      200.0000,        0.0000,       11.0000,       90.0000,        3.0000,     2024.0000,      313.4578,       10.2837,      152.9506,        0.5410,      807.5096,        0.9659,    81631.4516,        4.2196,       19.5743,       27.3276,       95.6884,  313.6942,0.187565,  1.4226E-05
      151.2100,      -33.8700,       39.0000,        0.0000,       12.0000,      172.0000,        6.0000,     2024.0000,      249.0673,       24.3577,      242.8108,        0.4968,      964.6001,        0.8532,    68666.8659,        4.6892,       61.6483,       -6.3240,      -86.0595,  249.2294,0.239136,  2.7743E-05
     -112.0700,       33.4500,      331.0000,        0.0000,       13.0000,      200.0000,        7.0000,     2024.0000,      318.9759,       18.8230,      100.0407,        0.2990,      104.1025,        0.8780,    72100.1382,        2.2123,       30.1011,      -42.0531,       13.9179,  319.0541,0.183277,  1.8591E-05
      -68.0000,      -16.5000,     3600.0000,        0.0000,       12.0000,      172.0000,        6.0000,     2024.0000,      316.4315,       10.7501,       52.2330,        0.1693,      446.6995,        0.0744,    73671.2776,        2.5585,       33.5133,       21.3983,     -122.3077,  320.5679,0.182066,  1.1260E-05
       -0.1300,       51.5100,       11.0000,        0.0000,        9.0000,       80.0000,        3.0000,     2024.0000,      285.6943,        8.0423,      340.7173,        0.0514,      167.0628,        0.4413,    93256.6862,        1.4529,       20.6021,        8.6594,      -25.9191,  286.8881,0.209010,  4.3847E-06
      -68.0000,      -16.5000,     3600.0000,        0.0000,       12.0000,      172.0000,        6.0000,     2024.0000,      318.3691,       17.4699,       18.6135,        0.1240,      630.2765,        0.5975,    77674.7268,        2.1551,       67.9507,       43.1600,      -72.1486,  318.5535,0.183677,  1.7710E-05
      151.2100,      -33.8700,       39.0000,        0.0000,       12.0000,      172.0000,        6.0000,     2024.0000,      240.4688,       15.2900,       14.6899,        0.8996,     1037.3232,        0.1972,    86414.2346,        1.8980,       77.6832,       12.1501,       92.5498,  241.7388,0.245129,  1.1592E-05
       -0.1300,       51.5100,       11.0000,        0.0000,        9.0000,       80.0000,        3.0000,     2024.0000,      255.9983,        2.5975,      199.7221,        0.5568,      836.5349,        0.9700,    83094.3288,        4.6863,       63.7728,       16.8905,       35.8941,  256.1285,0.233617,  3.4046E-06
       -0.1300,       51.5100,       11.0000,        0.0000,        9.0000,       80.0000,        3.0000,     2024.0000,      245.8748,       11.8323,       12.8994,        0.9559,     1224.6825,        0.1745,    94654.2723,        4.8742,       21.6353,        0.2695,      -56.9089,  253.7757,0.235499,  1.2197E-05
     -122.0000,       37.5000,       25.0000,        0.0000,       12.0000,      172.0000,        6.0000,     2024.0000,      238.5733,       12.7691,       85.6779,        0.3805,      325.0813,        0.0918,    64254.8054,        0.7463,       86.9374,       -4.0906,     -161.7285,  238.5733,0.247661,  8.0182E-06
     -122.0000,       37.5000,       25.0000,        0.0000,       12.0000,      172.0000,        6.0000,     2024.0000,      322.7013,       17.5438,      338.1810,        0.0205,      231.0374,        0.1823,    79723.2507,        3.6110,       41.3395,       10.1197,     -146.7866,  323.6130,0.179630,  1.9040E-05
      -18.0000,       65.0000,       52.0000,        0.0000,       10.0000,      355.0000,       12.0000,     2024.0000,      297.0073,       24.1097,      320.5702,        0.0259,     1014.5509,        0.2272,    84291.6913,        2.7413,       41.1373,        0.0341,       93.5323,  297.0073,0.200914,  2.8701E-05
       55.3000,       25.2000,        5.0000,        0.0000,       10.0000,      280.0000,       10.0000,     2024.0000,      250.1906,        7.4050,      130.8614,        0.4996,      461.8805,        0.3075,    65038.7405,        2.3553,       81.5097,      -44.6456,       94.4803,  250.1906,0.238368,  7.3897E-06
      103.8200,        1.3500,       15.0000,       30.0000,       14.0000,      120.0000,        4.0000,     2024.0000,      295.3508,       14.4868,      154.6532,        0.2169,      254.9135,        0.9917,    94376.9334,        2.8235,       26.3289,      -40.9215,      140.1985,  295.3651,0.202228,  1.8789E-05
       25.0000,       23.5000,      200.0000,        0.0000,       11.0000,       90.0000,        3.0000,     2024.0000,      314.2094,        9.2283,      236.1708,        0.9106,      483.4105,        0.7403,    86423.9536,        4.8373,       32.2280,      -28.3748,      118.4340,  315.0713,0.186463,  1.4788E-05
      103.8200,        1.3500,       15.0000,       30.0000,       14.0000,      120.0000,        4.0000,     2024.0000,      247.3694,       13.9092,       82.7098,        0.4751,      967.1228,        0.3763,    91515.9363,        4.7976,       55.2431,       -7.3195,     -111.4156,  247.7040,0.240357,  1.4618E-05
       55.3000,       25.2000,        5.0000,        0.0000,       10.0000,      280.0000,       10.0000,     2024.0000,      308.5182,       19.4709,      343.7134,        0.2802,     1257.9345,        0.3917,    99381.4548,        4.1765,       39.9829,       24.2275,      -48.4313,  313.6903,0.187568,  2.6213E-05
     -122.0000,       37.5000,       25.0000,        0.0000,       12.0000,      172.0000,        6.0000,     2024.0000,      244.3561,        5.9148,      239.2745,        0.8957,      973.2521,        0.4090,    73982.7738,        4.9799,       43.2487,       18.5089,       22.4841,  252.3354,0.236652,  6.3030E-06
       -0.1300,       51.5100,       11.0000,        0.0000,        9.0000,       80.0000,        3.0000,     2024.0000,      284.1697,       11.4621,       72.0837,        0.4826,      312.6272,        0.4067,    64209.1225,        2.8434,       89.3539,      -42.5961,      -11.5340,  285.2415,0.210327,  1.2347E-05
       -0.1300,       51.5100,       11.0000,        0.0000,        9.0000,       80.0000,        3.0000,     2024.0000,      288.6996,       17.6983,       59.7672,        0.9632,      939.1397,        0.3137,   100516.4478,        2.5017,       79.8202,        6.7758,      -99.6794,  292.3072,0.204674,  2.0348E-05
